id,nome
1,Jane Carvalho
2,Sarah Araujo
3,Ana Souza
4,John Castro
5,Michael Almeida
6,Igor Ribeiro
7,Igor Moura
8,Eduardo Rodrigues
9,David Fernandes
10,Mary Ribeiro
11,Chris Almeida
12,Sarah Pereira
13,Jane Carvalho
14,Daniela Martins
15,Emily Moura
16,Eduardo Carvalho
17,John Gomes
18,Eduardo Lima
19,Peter Santos
20,Sarah Araujo
21,Beatriz Souza
22,Carlos Oliveira
23,Helena Ribeiro
24,Ana Souza
25,Michael Almeida
26,Emily Rodrigues
27,Helena Lima
28,John Castro
29,Michael Ribeiro
30,Fernanda Nascimento
31,Helena Souza
32,Beatriz Araujo
33,Julia Martins
34,Daniela Souza
35,Mary Martins
36,Jessica Fernandes
37,Michael Rodrigues
38,David Nascimento
39,Mary Araujo
40,Ana Pereira
41,Igor Castro
42,Helena Carvalho
43,David Lima
44,David Almeida
45,Jane Martins
46,Beatriz Santos
47,Beatriz Oliveira
48,Gabriel Nascimento
49,Julia Martins
50,David Gomes
51,Gabriel Ribeiro
52,Jessica Rocha
53,Jane Silva
54,Carlos Dias
55,Fernanda Castro
56,John Rocha
57,Emily Araujo
58,David Nascimento
59,Fernanda Martins
60,Carlos Ribeiro
61,Julia Souza
62,Carlos Araujo
63,Jane Martins
64,Julia Souza
65,Jane Martins
66,Mary Rocha
67,Jessica Carvalho
68,Ana Gomes
69,Carlos Pereira
70,Emily Oliveira
71,Gabriel Dias
72,Chris Castro
73,Beatriz Silva
74,Beatriz Silva
75,Carlos Souza
76,Jessica Almeida
77,Chris Carvalho
78,Emily Nascimento
79,David Lima
80,Chris Silva
81,Gabriel Lima
82,Beatriz Pereira
83,Fernanda Rodrigues
84,Emily Rodrigues
85,Michael Rodrigues
86,David Rodrigues
87,Mary Araujo
88,Sarah Costa
89,Peter Costa
90,Ana Lima
91,Igor Santos
92,Sarah Araujo
93,David Oliveira
94,John Martins
95,Beatriz Souza
96,Gabriel Dias
97,Chris Ribeiro
98,Ana Rodrigues
99,Eduardo Martins
100,Emily Silva
101,John Castro
102,Helena Rodrigues
103,Chris Silva
104,Jessica Costa
105,Helena Oliveira
106,David Souza
107,Eduardo Dias
108,Ana Rodrigues
109,Igor Dias
110,Igor Ribeiro
111,Jessica Martins
112,Carlos Santos
113,Helena Carvalho
114,Mary Souza
115,Carlos Ribeiro
116,Gabriel Santos
117,Beatriz Martins
118,Chris Araujo
119,Mary Pereira
120,Igor Pereira
121,Daniela Fernandes
122,Gabriel Rodrigues
123,Eduardo Santos
124,Jane Oliveira
125,Chris Carvalho
126,Jessica Carvalho
127,Eduardo Moura
128,Igor Martins
129,Igor Rocha
130,Igor Araujo
131,Chris Silva
132,Jane Castro
133,Michael Rocha
134,Michael Souza
135,Daniela Almeida
136,Julia Ribeiro
137,Chris Oliveira
138,Chris Almeida
139,Ana Fernandes
140,Ana Fernandes
141,Gabriel Oliveira
142,Igor Nascimento
143,Ana Nascimento
144,Eduardo Rodrigues
145,Jessica Carvalho
146,Chris Oliveira
147,Ana Pereira
148,Mary Pereira
149,Peter Silva
150,Fernanda Martins
151,Igor Fernandes
152,Daniela Pereira
153,Sarah Santos
154,Igor Lima
155,Julia Santos
156,Emily Almeida
157,Jessica Oliveira
158,Michael Ribeiro
159,Fernanda Oliveira
160,Julia Costa
161,Chris Gomes
162,David Silva
163,Julia Fernandes
164,David Nascimento
165,Gabriel Carvalho
166,Jessica Pereira
167,Michael Pereira
168,John Costa
169,Emily Rodrigues
170,David Martins
171,John Nascimento
172,Mary Carvalho
173,Chris Dias
174,Carlos Castro
175,Gabriel Santos
176,Jessica Martins
177,John Costa
178,Gabriel Lima
179,Peter Fernandes
180,Helena Castro
181,Eduardo Araujo
182,Peter Martins
183,Emily Dias
184,Chris Nascimento
185,Ana Santos
186,Sarah Dias
187,Ana Lima
188,David Pereira
189,Eduardo Gomes
190,Emily Nascimento
191,Julia Lima
192,Mary Costa
193,Mary Rocha
194,Ana Moura
195,Ana Moura
196,Daniela Santos
197,Gabriel Fernandes
198,Chris Almeida
199,Julia Dias
200,Peter Fernandes
201,David Nascimento
202,Jessica Nascimento
203,Michael Almeida
204,Chris Nascimento
205,John Gomes
206,Igor Silva
207,Sarah Dias
208,Mary Oliveira
209,Peter Gomes
210,Sarah Castro
211,Sarah Pereira
212,Emily Oliveira
213,Helena Araujo
214,Carlos Nascimento
215,Ana Carvalho
216,Julia Martins
217,Chris Castro
218,Sarah Santos
219,Mary Araujo
220,Chris Rodrigues
221,David Castro
222,Igor Rodrigues
223,Eduardo Almeida
224,Beatriz Dias
225,Mary Oliveira
226,Fernanda Dias
227,Ana Araujo
228,Helena Araujo
229,Chris Nascimento
230,Ana Dias
231,Julia Rodrigues
232,David Rocha
233,Gabriel Castro
234,Jane Silva
235,Sarah Rocha
236,Igor Pereira
237,Fernanda Ribeiro
238,Igor Rocha
239,Ana Nascimento
240,John Rocha
241,Gabriel Araujo
242,Julia Ribeiro
243,Carlos Dias
244,John Almeida
245,Jessica Nascimento
246,Daniela Pereira
247,Jessica Araujo
248,Michael Rocha
249,Mary Castro
250,Fernanda Costa
251,Carlos Castro
252,Beatriz Costa
253,Julia Moura
254,Jessica Silva
255,Helena Gomes
256,Ana Nascimento
257,Sarah Dias
258,Daniela Lima
259,Eduardo Costa
260,David Martins
261,Ana Costa
262,Carlos Martins
263,Mary Carvalho
264,David Carvalho
265,John Martins
266,Gabriel Oliveira
267,Peter Rodrigues
268,Jessica Souza
269,Daniela Silva
270,Igor Lima
271,John Castro
272,Peter Rocha
273,Julia Ribeiro
274,Emily Lima
275,Gabriel Souza
276,David Oliveira
277,Emily Souza
278,Helena Almeida
279,Igor Ribeiro
280,Jessica Santos
281,Gabriel Lima
282,Gabriel Lima
283,David Carvalho
284,Jane Dias
285,Helena Moura
286,Fernanda Rocha
287,Mary Rocha
288,Eduardo Martins
289,Sarah Ribeiro
290,Sarah Martins
291,Mary Castro
292,Sarah Fernandes
293,Gabriel Lima
294,Emily Lima
295,Julia Souza
296,Peter Almeida
297,Fernanda Costa
298,Jane Souza
299,Eduardo Silva
300,Fernanda Martins
301,Igor Gomes
302,Helena Dias
303,Emily Souza
304,Emily Silva
305,Helena Fernandes
306,Fernanda Almeida
307,Eduardo Rocha
308,Jane Moura
309,Helena Rocha
310,Julia Castro
311,Sarah Santos
312,Daniela Rodrigues
313,Jane Lima
314,Eduardo Martins
315,Beatriz Carvalho
316,Daniela Carvalho
317,Jessica Costa
318,Mary Dias
319,Michael Castro
320,Carlos Silva
321,Carlos Almeida
322,Michael Oliveira
323,Fernanda Pereira
324,Daniela Costa
325,Emily Carvalho
326,Helena Souza
327,Jane Almeida
328,Carlos Fernandes
329,John Dias
330,Daniela Nascimento
331,Emily Santos
332,Fernanda Martins
333,David Costa
334,Emily Oliveira
335,Emily Araujo
336,Emily Dias
337,Emily Souza
338,Ana Nascimento
339,Igor Lima
340,David Moura
341,Fernanda Carvalho
342,Daniela Gomes
343,Chris Santos
344,Fernanda Lima
345,Emily Lima
346,Eduardo Costa
347,Julia Castro
348,Gabriel Almeida
349,David Oliveira
350,David Martins
351,Sarah Rodrigues
352,Michael Araujo
353,Julia Ribeiro
354,Emily Santos
355,Peter Martins
356,Jane Ribeiro
357,John Martins
358,Igor Santos
359,Emily Oliveira
360,Michael Santos
361,Daniela Gomes
362,Sarah Costa
363,Julia Araujo
364,Ana Dias
365,Carlos Oliveira
366,Eduardo Araujo
367,Michael Ribeiro
368,Julia Carvalho
369,Beatriz Souza
370,Peter Almeida
371,Jessica Silva
372,David Castro
373,Julia Dias
374,Michael Rocha
375,Igor Araujo
376,Igor Araujo
377,Eduardo Almeida
378,Mary Fernandes
379,Emily Fernandes
380,Peter Moura
381,Gabriel Dias
382,Gabriel Araujo
383,Gabriel Rocha
384,Igor Almeida
385,Julia Castro
386,Jessica Oliveira
387,David Fernandes
388,David Costa
389,Eduardo Oliveira
390,Fernanda Souza
391,Mary Rocha
392,Julia Pereira
393,Emily Rocha
394,Emily Lima
395,Daniela Moura
396,Mary Silva
397,Julia Martins
398,Fernanda Costa
399,Michael Nascimento
400,Igor Carvalho
401,John Araujo
402,Jessica Nascimento
403,David Castro
404,Beatriz Gomes
405,Emily Santos
406,Carlos Rocha
407,Sarah Dias
408,David Rocha
409,David Nascimento
410,Igor Ribeiro
411,Igor Gomes
412,Jane Carvalho
413,Jessica Santos
414,Helena Dias
415,Jane Dias
416,Helena Fernandes
417,Daniela Almeida
418,John Martins
419,Michael Castro
420,Jessica Costa
421,Helena Nascimento
422,Carlos Castro
423,Peter Martins
424,Eduardo Rodrigues
425,Helena Santos
426,Chris Martins
427,Eduardo Rodrigues
428,Ana Martins
429,David Santos
430,Helena Fernandes
431,Mary Dias
432,Mary Dias
433,Gabriel Rodrigues
434,Helena Almeida
435,David Martins
436,Gabriel Rocha
437,Jessica Lima
438,Beatriz Carvalho
439,Carlos Souza
440,John Santos
441,David Araujo
442,Fernanda Araujo
443,Fernanda Ribeiro
444,Ana Santos
445,Emily Araujo
446,Ana Martins
447,Gabriel Martins
448,Eduardo Oliveira
449,Julia Castro
450,Carlos Nascimento
451,Gabriel Gomes
452,Peter Martins
453,Mary Souza
454,Helena Fernandes
455,Gabriel Almeida
456,Ana Silva
457,Carlos Nascimento
458,Carlos Carvalho
459,Igor Santos
460,Fernanda Souza
461,Michael Castro
462,Carlos Nascimento
463,Ana Oliveira
464,Fernanda Moura
465,David Santos
466,John Rodrigues
467,Beatriz Ribeiro
468,Gabriel Fernandes
469,Peter Costa
470,Helena Gomes
471,Jane Nascimento
472,Daniela Araujo
473,Julia Almeida
474,Mary Fernandes
475,Igor Carvalho
476,Beatriz Oliveira
477,Peter Castro
478,Helena Ribeiro
479,Helena Pereira
480,Michael Nascimento
481,Jessica Araujo
482,Igor Araujo
483,Emily Rodrigues
484,Chris Ribeiro
485,Sarah Fernandes
486,Ana Rodrigues
487,Peter Nascimento
488,Jessica Nascimento
489,Gabriel Rodrigues
490,David Dias
491,Daniela Martins
492,Gabriel Costa
493,Michael Martins
494,Michael Fernandes
495,David Ribeiro
496,Ana Nascimento
497,John Lima
498,Sarah Oliveira
499,Sarah Santos
500,Emily Gomes
501,Peter Dias
502,Chris Araujo
503,Michael Fernandes
504,Daniela Lima
505,Gabriel Fernandes
506,Chris Pereira
507,Emily Martins
508,Michael Dias
509,Carlos Souza
510,Julia Rocha
511,Chris Santos
512,Gabriel Castro
513,Helena Oliveira
514,Daniela Moura
515,Peter Ribeiro
516,Jane Almeida
517,Mary Oliveira
518,John Costa
519,Daniela Almeida
520,Mary Silva
521,Helena Rodrigues
522,Eduardo Fernandes
523,Eduardo Oliveira
524,Gabriel Ribeiro
525,Sarah Dias
526,Jane Silva
527,Julia Carvalho
528,David Almeida
529,Helena Lima
530,Igor Lima
531,Eduardo Martins
532,Carlos Fernandes
533,Gabriel Silva
534,Daniela Oliveira
535,Julia Lima
536,Jessica Nascimento
537,Michael Fernandes
538,Mary Santos
539,Daniela Fernandes
540,Chris Castro
541,Jessica Moura
542,Julia Rocha
543,Emily Costa
544,Julia Souza
545,Igor Ribeiro
546,Sarah Silva
547,Emily Fernandes
548,Eduardo Carvalho
549,John Souza
550,John Costa
551,Daniela Almeida
552,Eduardo Nascimento
553,Chris Dias
554,Michael Gomes
555,Helena Dias
556,Ana Rocha
557,Beatriz Almeida
558,Helena Nascimento
559,Mary Lima
560,Julia Dias
561,Ana Carvalho
562,Helena Costa
563,Daniela Fernandes
564,David Carvalho
565,Emily Oliveira
566,Daniela Silva
567,Chris Silva
568,Fernanda Pereira
569,Ana Ribeiro
570,Helena Rocha
571,Helena Almeida
572,Michael Nascimento
573,Peter Castro
574,Igor Souza
575,John Almeida
576,Igor Oliveira
577,John Silva
578,Julia Martins
579,Emily Almeida
580,Jane Rocha
581,Gabriel Costa
582,Jane Castro
583,Daniela Fernandes
584,Emily Rodrigues
585,Michael Almeida
586,Emily Araujo
587,Carlos Souza
588,Igor Oliveira
589,Carlos Rocha
590,Chris Lima
591,Carlos Souza
592,Daniela Souza
593,Igor Pereira
594,Carlos Ribeiro
595,Michael Moura
596,David Rodrigues
597,Gabriel Lima
598,Julia Almeida
599,Sarah Moura
600,Eduardo Rodrigues
601,Mary Nascimento
602,Eduardo Araujo
603,Sarah Lima
604,Ana Silva
605,Peter Souza
606,Ana Moura
607,Mary Santos
608,Beatriz Almeida
609,Eduardo Castro
610,Chris Castro
611,Beatriz Moura
612,Daniela Araujo
613,Jane Souza
614,Jessica Souza
615,Mary Silva
616,Beatriz Santos
617,Ana Martins
618,Jessica Moura
619,Helena Gomes
620,Carlos Silva
621,Chris Gomes
622,Jessica Araujo
623,David Oliveira
624,Gabriel Ribeiro
625,David Almeida
626,David Carvalho
627,Emily Santos
628,Daniela Rocha
629,Sarah Fernandes
630,Julia Ribeiro
631,Helena Fernandes
632,Igor Gomes
633,Helena Rocha
634,David Dias
635,Michael Castro
636,Igor Almeida
637,David Araujo
638,Carlos Rodrigues
639,Julia Rocha
640,Eduardo Souza
641,Carlos Souza
642,John Castro
643,Gabriel Santos
644,Peter Rodrigues
645,Helena Pereira
646,Sarah Fernandes
647,Beatriz Rodrigues
648,Beatriz Rodrigues
649,Julia Moura
650,Michael Castro
651,Daniela Almeida
652,Julia Silva
653,Carlos Almeida
654,Eduardo Rodrigues
655,John Rodrigues
656,Daniela Almeida
657,Jane Nascimento
658,Fernanda Rocha
659,Fernanda Gomes
660,Jane Almeida
661,David Rocha
662,Ana Souza
663,Carlos Gomes
664,Eduardo Moura
665,John Almeida
666,Emily Gomes
667,Igor Pereira
668,John Ribeiro
669,Chris Carvalho
670,Igor Silva
671,Sarah Ribeiro
672,Eduardo Rocha
673,Gabriel Pereira
674,Carlos Rodrigues
675,Julia Rocha
676,Peter Almeida
677,Michael Gomes
678,Helena Oliveira
679,Emily Rodrigues
680,Carlos Nascimento
681,Helena Almeida
682,Jessica Pereira
683,Helena Fernandes
684,Eduardo Moura
685,Peter Rodrigues
686,Michael Fernandes
687,Jessica Pereira
688,Fernanda Souza
689,Carlos Pereira
690,Carlos Araujo
691,John Castro
692,Gabriel Moura
693,Carlos Gomes
694,Michael Santos
695,Beatriz Almeida
696,Gabriel Nascimento
697,Daniela Rodrigues
698,Fernanda Martins
699,Michael Gomes
700,John Rodrigues
701,Chris Costa
702,Eduardo Nascimento
703,David Rocha
704,Gabriel Martins
705,Gabriel Carvalho
706,Beatriz Oliveira
707,Jane Gomes
708,Jessica Dias
709,Helena Rodrigues
710,Carlos Lima
711,Emily Silva
712,Daniela Rocha
713,Fernanda Ribeiro
714,John Dias
715,Eduardo Lima
716,Fernanda Castro
717,Ana Gomes
718,Fernanda Costa
719,Daniela Gomes
720,Beatriz Pereira
721,Mary Almeida
722,Michael Silva
723,Beatriz Carvalho
724,Beatriz Almeida
725,John Ribeiro
726,Beatriz Costa
727,John Araujo
728,Ana Ribeiro
729,David Lima
730,Michael Silva
731,Jessica Pereira
732,Peter Lima
733,Emily Silva
734,Jane Souza
735,Sarah Moura
736,David Nascimento
737,Julia Almeida
738,Igor Santos
739,David Dias
740,Igor Oliveira
741,Chris Oliveira
742,Ana Almeida
743,Chris Dias
744,Ana Nascimento
745,Emily Gomes
746,Eduardo Nascimento
747,Gabriel Costa
748,Sarah Rocha
749,Fernanda Souza
750,John Araujo
751,Beatriz Ribeiro
752,Mary Nascimento
753,John Carvalho
754,Ana Araujo
755,Daniela Araujo
756,Ana Rocha
757,David Almeida
758,Chris Araujo
759,David Dias
760,David Rodrigues
761,Daniela Araujo
762,Carlos Rodrigues
763,Chris Almeida
764,Michael Gomes
765,Helena Carvalho
766,Igor Silva
767,David Fernandes
768,Emily Ribeiro
769,Emily Gomes
770,Sarah Costa
771,David Carvalho
772,Ana Almeida
773,Helena Santos
774,Igor Castro
775,Chris Moura
776,Daniela Martins
777,Chris Gomes
778,Emily Fernandes
779,Beatriz Oliveira
780,Mary Rocha
781,Jessica Fernandes
782,Jessica Moura
783,Peter Rodrigues
784,Daniela Castro
785,Chris Oliveira
786,Fernanda Gomes
787,Jane Costa
788,Mary Castro
789,Peter Rocha
790,Gabriel Rodrigues
791,Chris Almeida
792,Gabriel Ribeiro
793,Helena Carvalho
794,Jane Nascimento
795,Fernanda Nascimento
796,Ana Nascimento
797,Ana Almeida
798,Ana Ribeiro
799,Mary Rodrigues
800,Gabriel Lima
801,David Castro
802,Helena Rocha
803,Emily Nascimento
804,John Martins
805,Igor Gomes
806,Chris Almeida
807,Eduardo Rodrigues
808,Sarah Carvalho
809,David Lima
810,Daniela Nascimento
811,Sarah Nascimento
812,Jessica Nascimento
813,Jessica Rodrigues
814,Gabriel Martins
815,Igor Costa
816,John Costa
817,Beatriz Dias
818,Carlos Nascimento
819,Ana Moura
820,Fernanda Rodrigues
821,Carlos Gomes
822,Peter Fernandes
823,John Moura
824,Ana Pereira
825,Mary Gomes
826,Igor Lima
827,Jane Oliveira
828,Michael Fernandes
829,Michael Almeida
830,Jessica Pereira
831,Helena Lima
832,Jessica Oliveira
833,Igor Castro
834,Emily Martins
835,Gabriel Oliveira
836,Mary Nascimento
837,Jessica Almeida
838,Peter Gomes
839,Sarah Oliveira
840,Sarah Gomes
841,Daniela Ribeiro
842,Jane Araujo
843,Chris Pereira
844,Daniela Ribeiro
845,Michael Nascimento
846,Mary Nascimento
847,Daniela Nascimento
848,Jessica Martins
849,Jessica Rocha
850,Helena Pereira
851,Fernanda Almeida
852,John Almeida
853,Michael Rodrigues
854,Emily Moura
855,Eduardo Oliveira
856,Beatriz Lima
857,Michael Oliveira
858,Emily Nascimento
859,Jane Rodrigues
860,Michael Castro
861,David Moura
862,Carlos Silva
863,Michael Moura
864,David Pereira
865,Gabriel Araujo
866,Peter Rocha
867,Michael Rodrigues
868,David Oliveira
869,David Rodrigues
870,Eduardo Pereira
871,Jessica Castro
872,Eduardo Santos
873,Beatriz Costa
874,Mary Lima
875,Julia Carvalho
876,Helena Rodrigues
877,Fernanda Santos
878,David Araujo
879,Jessica Fernandes
880,Jessica Araujo
881,Igor Souza
882,Gabriel Dias
883,Helena Oliveira
884,Peter Ribeiro
885,Ana Santos
886,Ana Martins
887,Julia Souza
888,Sarah Fernandes
889,Michael Pereira
890,Michael Silva
891,Julia Costa
892,Jessica Almeida
893,Beatriz Lima
894,Sarah Souza
895,David Moura
896,Igor Fernandes
897,Beatriz Gomes
898,Sarah Carvalho
899,Beatriz Nascimento
900,Chris Dias
901,Sarah Ribeiro
902,Jessica Pereira
903,John Pereira
904,Helena Fernandes
905,Jane Nascimento
906,Helena Nascimento
907,Daniela Pereira
908,Sarah Costa
909,Fernanda Moura
910,Carlos Santos
911,Chris Rocha
912,Julia Rodrigues
913,Beatriz Fernandes
914,Michael Lima
915,David Souza
916,Emily Santos
917,Beatriz Silva
918,Sarah Gomes
919,Peter Costa
920,Gabriel Pereira
921,Gabriel Silva
922,Eduardo Dias
923,Daniela Dias
924,Daniela Rodrigues
925,Igor Rocha
926,Eduardo Carvalho
927,Peter Ribeiro
928,Daniela Moura
929,Fernanda Castro
930,Igor Gomes
931,Chris Ribeiro
932,Sarah Moura
933,Emily Silva
934,Daniela Nascimento
935,Jessica Lima
936,Jane Santos
937,Chris Ribeiro
938,Beatriz Dias
939,Chris Pereira
940,Beatriz Almeida
941,Igor Pereira
942,Julia Oliveira
943,Carlos Oliveira
944,Eduardo Oliveira
945,Daniela Gomes
946,Peter Rodrigues
947,Chris Costa
948,Helena Santos
949,Beatriz Dias
950,Gabriel Pereira
951,John Moura
952,Chris Santos
953,Igor Castro
954,Emily Almeida
955,Igor Rocha
956,Jane Oliveira
957,Peter Moura
958,David Martins
959,Jessica Fernandes
960,Helena Araujo
961,Helena Costa
962,Mary Oliveira
963,Michael Martins
964,Daniela Ribeiro
965,Michael Lima
966,David Santos
967,Jane Costa
968,Beatriz Fernandes
969,Emily Lima
970,Mary Oliveira
971,Eduardo Rocha
972,Helena Dias
973,David Nascimento
974,Beatriz Castro
975,Ana Oliveira
976,Mary Ribeiro
977,Daniela Souza
978,Jessica Gomes
979,Helena Almeida
980,Beatriz Gomes
981,Jessica Moura
982,Mary Dias
983,Ana Ribeiro
984,Sarah Dias
985,Daniela Ribeiro
986,Jane Rocha
987,Emily Ribeiro
988,Daniela Souza
989,Daniela Dias
990,Peter Fernandes
991,Igor Ribeiro
992,Emily Rodrigues
993,David Rocha
994,Igor Dias
995,Michael Rocha
996,John Rodrigues
997,Fernanda Moura
998,Gabriel Ribeiro
999,David Lima
1000,Peter Fernandes
1001,Eduardo Lima
1002,Eduardo Santos
1003,Carlos Moura
1004,Beatriz Pereira
1005,Beatriz Carvalho
1006,Julia Castro
1007,Igor Castro
1008,Mary Castro
1009,Gabriel Oliveira
1010,Julia Lima
1011,Peter Castro
1012,Mary Costa
1013,Carlos Carvalho
1014,Peter Costa
1015,Chris Costa
1016,Helena Carvalho
1017,Gabriel Souza
1018,Daniela Fernandes
1019,Jane Souza
1020,Emily Moura
1021,Peter Lima
1022,Julia Silva
1023,Emily Almeida
1024,David Pereira
1025,Ana Costa
1026,Jane Silva
1027,Sarah Dias
1028,Mary Castro
1029,Igor Araujo
1030,Ana Santos
1031,Michael Castro
1032,Beatriz Nascimento
1033,John Pereira
1034,Chris Moura
1035,David Fernandes
1036,David Pereira
1037,Chris Carvalho
1038,Emily Castro
1039,John Carvalho
1040,Jane Fernandes
1041,Daniela Silva
1042,Fernanda Dias
1043,Peter Araujo
1044,Eduardo Rodrigues
1045,Mary Costa
1046,Sarah Moura
1047,David Rodrigues
1048,Helena Dias
1049,Igor Lima
1050,Ana Souza
1051,Helena Souza
1052,Julia Ribeiro
1053,Chris Souza
1054,Ana Rocha
1055,Helena Rocha
1056,Fernanda Martins
1057,Ana Gomes
1058,Emily Fernandes
1059,Jessica Santos
1060,Peter Rocha
1061,Michael Moura
1062,Carlos Santos
1063,Daniela Lima
1064,Helena Fernandes
1065,Emily Dias
1066,David Rodrigues
1067,Igor Moura
1068,Eduardo Almeida
1069,Sarah Carvalho
1070,Daniela Araujo
1071,Eduardo Souza
1072,Gabriel Costa
1073,Peter Souza
1074,Julia Carvalho
1075,Gabriel Martins
1076,Michael Pereira
1077,Sarah Nascimento
1078,Gabriel Rodrigues
1079,Igor Dias
1080,John Almeida
1081,David Moura
1082,Emily Dias
1083,Mary Dias
1084,Emily Nascimento
1085,Gabriel Dias
1086,John Lima
1087,Jane Martins
1088,Igor Oliveira
1089,Gabriel Oliveira
1090,Gabriel Lima
1091,Mary Fernandes
1092,Daniela Silva
1093,Helena Rocha
1094,Gabriel Castro
1095,Sarah Oliveira
1096,Peter Silva
1097,Michael Araujo
1098,Eduardo Oliveira
1099,Michael Lima
1100,Peter Martins
1101,Eduardo Santos
1102,Eduardo Araujo
1103,Mary Costa
1104,Sarah Rodrigues
1105,Carlos Fernandes
1106,Helena Dias
1107,Jane Rodrigues
1108,Mary Silva
1109,Fernanda Lima
1110,Carlos Moura
1111,Ana Lima
1112,Michael Pereira
1113,Igor Moura
1114,Mary Silva
1115,Jane Lima
1116,David Carvalho
1117,Beatriz Lima
1118,Jane Ribeiro
1119,Igor Nascimento
1120,Chris Araujo
1121,Eduardo Carvalho
1122,Igor Rocha
1123,Chris Gomes
1124,Michael Silva
1125,Eduardo Martins
1126,Mary Lima
1127,Sarah Pereira
1128,Beatriz Gomes
1129,Emily Ribeiro
1130,Gabriel Fernandes
1131,Fernanda Almeida
1132,Ana Nascimento
1133,Emily Castro
1134,Emily Gomes
1135,Mary Carvalho
1136,Ana Araujo
1137,Julia Pereira
1138,Sarah Ribeiro
1139,Peter Ribeiro
1140,Helena Carvalho
1141,John Pereira
1142,Mary Rocha
1143,John Dias
1144,Jane Araujo
1145,Jane Dias
1146,Gabriel Pereira
1147,Gabriel Silva
1148,Gabriel Carvalho
1149,Jessica Moura
1150,Gabriel Rodrigues
1151,Michael Souza
1152,Peter Castro
1153,Ana Martins
1154,Helena Rodrigues
1155,Emily Rocha
1156,Beatriz Lima
1157,Julia Oliveira
1158,Jane Moura
1159,Carlos Rodrigues
1160,Gabriel Araujo
1161,Beatriz Fernandes
1162,Gabriel Gomes
1163,Eduardo Oliveira
1164,Emily Fernandes
1165,Carlos Oliveira
1166,Julia Rodrigues
1167,David Fernandes
1168,Ana Moura
1169,Fernanda Oliveira
1170,Chris Santos
1171,Carlos Rodrigues
1172,Sarah Ribeiro
1173,David Fernandes
1174,Michael Costa
1175,Helena Almeida
1176,Gabriel Souza
1177,Igor Dias
1178,John Pereira
1179,David Silva
1180,Jessica Moura
1181,Beatriz Moura
1182,Peter Almeida
1183,Igor Moura
1184,Michael Almeida
1185,Helena Martins
1186,Fernanda Oliveira
1187,Sarah Costa
1188,Mary Fernandes
1189,Helena Silva
1190,Julia Santos
1191,Chris Lima
1192,Igor Silva
1193,Jane Silva
1194,Jane Martins
1195,Carlos Costa
1196,Chris Ribeiro
1197,Beatriz Santos
1198,Daniela Araujo
1199,Helena Oliveira
1200,Carlos Carvalho
1201,Helena Lima
1202,Emily Nascimento
1203,John Almeida
1204,Eduardo Santos
1205,Sarah Castro
1206,Carlos Nascimento
1207,Fernanda Gomes
1208,Sarah Martins
1209,John Pereira
1210,Beatriz Santos
1211,Beatriz Castro
1212,Ana Rodrigues
1213,Eduardo Fernandes
1214,Helena Lima
1215,Helena Costa
1216,Jane Dias
1217,Gabriel Santos
1218,Daniela Gomes
1219,Fernanda Rodrigues
1220,Daniela Dias
1221,Jessica Araujo
1222,Jane Nascimento
1223,Ana Moura
1224,Emily Ribeiro
1225,Carlos Silva
1226,Fernanda Rodrigues
1227,Sarah Pereira
1228,Fernanda Moura
1229,John Araujo
1230,Carlos Martins
1231,Daniela Castro
1232,Gabriel Castro
1233,Emily Lima
1234,Peter Pereira
1235,Ana Pereira
1236,Eduardo Silva
1237,Chris Almeida
1238,Igor Carvalho
1239,Jane Fernandes
1240,Daniela Araujo
1241,Jane Araujo
1242,Ana Carvalho
1243,Igor Almeida
1244,John Costa
1245,Chris Rodrigues
1246,Julia Moura
1247,Mary Souza
1248,Peter Silva
1249,Emily Lima
1250,Carlos Gomes
1251,Ana Ribeiro
1252,Sarah Oliveira
1253,Chris Carvalho
1254,Beatriz Costa
1255,Gabriel Silva
1256,Mary Souza
1257,Helena Santos
1258,Emily Rodrigues
1259,Igor Ribeiro
1260,Igor Castro
1261,Sarah Carvalho
1262,David Castro
1263,Peter Castro
1264,Ana Castro
1265,Eduardo Nascimento
1266,David Martins
1267,Igor Santos
1268,Michael Ribeiro
1269,Michael Martins
1270,David Silva
1271,Jane Martins
1272,Igor Nascimento
1273,Sarah Silva
1274,Gabriel Araujo
1275,Julia Nascimento
1276,David Costa
1277,Igor Costa
1278,Carlos Gomes
1279,Eduardo Carvalho
1280,David Castro
1281,Ana Araujo
1282,Peter Araujo
1283,Chris Lima
1284,Daniela Silva
1285,David Santos
1286,Jane Ribeiro
1287,Beatriz Ribeiro
1288,Julia Silva
1289,Michael Gomes
1290,Igor Lima
1291,Peter Ribeiro
1292,Sarah Lima
1293,Jessica Gomes
1294,Chris Pereira
1295,Helena Pereira
1296,Emily Nascimento
1297,David Castro
1298,Emily Lima
1299,Michael Lima
1300,Sarah Silva
1301,David Santos
1302,Daniela Nascimento
1303,Jessica Pereira
1304,Mary Pereira
1305,Carlos Nascimento
1306,Emily Costa
1307,Carlos Oliveira
1308,Mary Fernandes
1309,Fernanda Castro
1310,Eduardo Lima
1311,Peter Lima
1312,Helena Santos
1313,Michael Dias
1314,John Souza
1315,Mary Araujo
1316,Sarah Ribeiro
1317,Gabriel Dias
1318,Gabriel Dias
1319,John Fernandes
1320,Daniela Gomes
1321,Gabriel Almeida
1322,Peter Fernandes
1323,Emily Santos
1324,Gabriel Carvalho
1325,Emily Costa
1326,Fernanda Martins
1327,Beatriz Rocha
1328,John Dias
1329,Eduardo Oliveira
1330,David Moura
1331,Chris Oliveira
1332,Daniela Carvalho
1333,David Ribeiro
1334,Julia Silva
1335,Eduardo Santos
1336,Julia Souza
1337,Carlos Fernandes
1338,Michael Carvalho
1339,Peter Santos
1340,Eduardo Silva
1341,Mary Santos
1342,Jane Gomes
1343,Emily Gomes
1344,Jessica Nascimento
1345,John Carvalho
1346,David Silva
1347,Sarah Carvalho
1348,Carlos Ribeiro
1349,Eduardo Lima
1350,David Araujo
1351,Fernanda Ribeiro
1352,Julia Fernandes
1353,Chris Rocha
1354,Eduardo Costa
1355,Peter Costa
1356,Fernanda Nascimento
1357,Emily Dias
1358,Peter Costa
1359,Jessica Almeida
1360,Daniela Santos
1361,Peter Araujo
1362,Gabriel Pereira
1363,Ana Martins
1364,Gabriel Silva
1365,Gabriel Moura
1366,Gabriel Carvalho
1367,Gabriel Ribeiro
1368,Jessica Castro
1369,Eduardo Nascimento
1370,Peter Carvalho
1371,Eduardo Santos
1372,Peter Almeida
1373,Carlos Carvalho
1374,John Pereira
1375,Jane Lima
1376,Gabriel Rocha
1377,Jane Martins
1378,Michael Silva
1379,Chris Costa
1380,David Santos
1381,Helena Martins
1382,Michael Gomes
1383,Beatriz Almeida
1384,Eduardo Martins
1385,John Souza
1386,Carlos Moura
1387,Mary Ribeiro
1388,Ana Santos
1389,Mary Ribeiro
1390,Sarah Rocha
1391,Chris Martins
1392,Mary Carvalho
1393,Peter Ribeiro
1394,Mary Martins
1395,Chris Rodrigues
1396,Fernanda Carvalho
1397,Gabriel Costa
1398,Julia Araujo
1399,Ana Silva
1400,Helena Dias
1401,Helena Martins
1402,Peter Almeida
1403,Jessica Gomes
1404,Michael Pereira
1405,Emily Oliveira
1406,Fernanda Araujo
1407,Chris Pereira
1408,Helena Gomes
1409,David Pereira
1410,Sarah Santos
1411,David Santos
1412,Jane Gomes
1413,Ana Araujo
1414,Michael Moura
1415,Beatriz Pereira
1416,Jane Gomes
1417,Michael Pereira
1418,Ana Rocha
1419,Helena Rocha
1420,Helena Lima
1421,David Costa
1422,Helena Nascimento
1423,Jane Lima
1424,David Santos
1425,Julia Santos
1426,Ana Castro
1427,Ana Carvalho
1428,Chris Souza
1429,Peter Santos
1430,Beatriz Gomes
1431,Daniela Carvalho
1432,Ana Carvalho
1433,Michael Pereira
1434,David Rocha
1435,Fernanda Araujo
1436,John Castro
1437,Fernanda Pereira
1438,Daniela Castro
1439,Beatriz Almeida
1440,Jessica Costa
1441,Emily Carvalho
1442,Eduardo Lima
1443,Jane Gomes
1444,Peter Nascimento
1445,Peter Almeida
1446,Gabriel Almeida
1447,Carlos Pereira
1448,Beatriz Gomes
1449,Julia Castro
1450,Michael Dias
1451,Helena Gomes
1452,David Gomes
1453,Fernanda Moura
1454,Eduardo Santos
1455,Helena Gomes
1456,Eduardo Dias
1457,Mary Rocha
1458,Michael Moura
1459,Peter Rocha
1460,Daniela Silva
1461,Emily Dias
1462,Julia Moura
1463,Peter Rocha
1464,John Silva
1465,Michael Martins
1466,Emily Araujo
1467,John Ribeiro
1468,Fernanda Carvalho
1469,Peter Ribeiro
1470,Jane Silva
1471,Gabriel Araujo
1472,Michael Araujo
1473,Eduardo Araujo
1474,Emily Rocha
1475,Jane Fernandes
1476,Mary Almeida
1477,Sarah Oliveira
1478,Julia Fernandes
1479,Gabriel Santos
1480,Carlos Oliveira
1481,John Costa
1482,Sarah Rodrigues
1483,David Gomes
1484,Daniela Lima
1485,Jane Araujo
1486,Julia Costa
1487,Peter Araujo
1488,Chris Oliveira
1489,Igor Rocha
1490,Helena Rocha
1491,Sarah Ribeiro
1492,Chris Costa
1493,Sarah Costa
1494,Jane Oliveira
1495,David Carvalho
1496,Jane Castro
1497,Daniela Silva
1498,Helena Fernandes
1499,Carlos Rodrigues
1500,Peter Carvalho
1501,John Fernandes
1502,Mary Gomes
1503,Michael Ribeiro
1504,Helena Dias
1505,Chris Castro
1506,John Gomes
1507,Julia Moura
1508,Jessica Carvalho
1509,Jessica Costa
1510,Sarah Ribeiro
1511,Jessica Silva
1512,Michael Ribeiro
1513,Sarah Silva
1514,Eduardo Silva
1515,Peter Oliveira
1516,Jane Gomes
1517,Peter Rocha
1518,Jane Castro
1519,Gabriel Gomes
1520,Helena Castro
1521,Michael Almeida
1522,Fernanda Oliveira
1523,Julia Pereira
1524,Ana Moura
1525,Jane Moura
1526,Ana Fernandes
1527,Daniela Almeida
1528,Jessica Moura
1529,John Carvalho
1530,Fernanda Nascimento
1531,Jane Ribeiro
1532,Julia Moura
1533,Ana Rodrigues
1534,Fernanda Souza
1535,Eduardo Silva
1536,Ana Nascimento
1537,Eduardo Oliveira
1538,Beatriz Dias
1539,Beatriz Ribeiro
1540,David Araujo
1541,Daniela Almeida
1542,John Pereira
1543,Helena Santos
1544,Sarah Souza
1545,Gabriel Araujo
1546,Fernanda Rodrigues
1547,John Silva
1548,Carlos Oliveira
1549,Sarah Moura
1550,Jane Gomes
1551,Jessica Lima
1552,Julia Araujo
1553,Peter Rocha
1554,Mary Fernandes
1555,Chris Pereira
1556,Sarah Castro
1557,Michael Nascimento
1558,Emily Oliveira
1559,Carlos Dias
1560,Beatriz Castro
1561,Helena Almeida
1562,Michael Castro
1563,Julia Fernandes
1564,Peter Silva
1565,Ana Gomes
1566,Helena Oliveira
1567,Eduardo Ribeiro
1568,Jane Pereira
1569,Jane Almeida
1570,John Moura
1571,Mary Gomes
1572,Ana Fernandes
1573,Julia Rodrigues
1574,Jessica Araujo
1575,David Oliveira
1576,Peter Silva
1577,Jane Carvalho
1578,David Gomes
1579,John Almeida
1580,Mary Dias
1581,Carlos Rocha
1582,John Pereira
1583,Jessica Santos
1584,John Dias
1585,Michael Costa
1586,Fernanda Castro
1587,Chris Fernandes
1588,Sarah Nascimento
1589,Mary Costa
1590,Eduardo Souza
1591,Peter Silva
1592,John Oliveira
1593,Igor Moura
1594,Julia Rocha
1595,Mary Almeida
1596,John Gomes
1597,Beatriz Oliveira
1598,Ana Oliveira
1599,Michael Oliveira
1600,Sarah Gomes
1601,Peter Carvalho
1602,Daniela Araujo
1603,Peter Rodrigues
1604,Daniela Costa
1605,David Araujo
1606,Gabriel Martins
1607,Carlos Pereira
1608,Peter Rodrigues
1609,Igor Rocha
1610,Fernanda Carvalho
1611,Mary Lima
1612,Daniela Carvalho
1613,Igor Silva
1614,Igor Moura
1615,Mary Dias
1616,Mary Moura
1617,Jane Souza
1618,Mary Oliveira
1619,Gabriel Almeida
1620,Jane Santos
1621,Gabriel Rodrigues
1622,Emily Costa
1623,Igor Oliveira
1624,Peter Dias
1625,Jessica Gomes
1626,Emily Ribeiro
1627,Gabriel Castro
1628,John Rodrigues
1629,Fernanda Souza
1630,Sarah Santos
1631,Jessica Lima
1632,David Rocha
1633,John Santos
1634,Fernanda Fernandes
1635,Julia Moura
1636,Sarah Costa
1637,Emily Lima
1638,Emily Costa
1639,Julia Martins
1640,Chris Silva
1641,Helena Martins
1642,Jane Rocha
1643,Eduardo Ribeiro
1644,Gabriel Rocha
1645,Eduardo Gomes
1646,Jane Fernandes
1647,Igor Costa
1648,Jane Pereira
1649,Igor Lima
1650,Gabriel Rodrigues
1651,Daniela Dias
1652,Jane Ribeiro
1653,John Araujo
1654,Gabriel Lima
1655,John Castro
1656,Helena Moura
1657,Ana Dias
1658,Igor Nascimento
1659,Sarah Nascimento
1660,Sarah Rodrigues
1661,Ana Ribeiro
1662,Chris Castro
1663,Sarah Dias
1664,Fernanda Rocha
1665,Igor Oliveira
1666,Chris Gomes
1667,David Santos
1668,Igor Araujo
1669,Daniela Rodrigues
1670,Ana Fernandes
1671,Jane Gomes
1672,Eduardo Fernandes
1673,Mary Gomes
1674,Gabriel Pereira
1675,Helena Rocha
1676,Eduardo Castro
1677,Sarah Araujo
1678,Helena Oliveira
1679,John Nascimento
1680,Mary Lima
1681,Beatriz Costa
1682,David Pereira
1683,Igor Oliveira
1684,John Carvalho
1685,Fernanda Pereira
1686,Gabriel Souza
1687,Peter Fernandes
1688,Jane Almeida
1689,Peter Dias
1690,Emily Castro
1691,Chris Fernandes
1692,Jane Lima
1693,Carlos Castro
1694,Igor Castro
1695,Mary Nascimento
1696,Ana Rocha
1697,Emily Rocha
1698,Jane Gomes
1699,Daniela Rodrigues
1700,Julia Nascimento
1701,Julia Almeida
1702,Helena Pereira
1703,Fernanda Nascimento
1704,Carlos Oliveira
1705,Julia Castro
1706,Daniela Lima
1707,Igor Carvalho
1708,Igor Rodrigues
1709,Sarah Martins
1710,Gabriel Ribeiro
1711,Gabriel Ribeiro
1712,Peter Ribeiro
1713,Sarah Castro
1714,Fernanda Rocha
1715,John Pereira
1716,Peter Martins
1717,Fernanda Fernandes
1718,Mary Pereira
1719,Carlos Castro
1720,Eduardo Almeida
1721,Jessica Dias
1722,Daniela Martins
1723,Carlos Lima
1724,Gabriel Rodrigues
1725,Ana Martins
1726,Igor Araujo
1727,Daniela Gomes
1728,Carlos Rocha
1729,Daniela Souza
1730,Carlos Silva
1731,Emily Almeida
1732,Julia Carvalho
1733,Chris Rocha
1734,Beatriz Gomes
1735,Michael Silva
1736,Peter Martins
1737,Eduardo Souza
1738,Jane Souza
1739,Gabriel Souza
1740,Beatriz Almeida
1741,John Rodrigues
1742,Julia Pereira
1743,Helena Pereira
1744,David Pereira
1745,Peter Pereira
1746,Igor Lima
1747,Chris Carvalho
1748,Jessica Santos
1749,Carlos Souza
1750,Jane Souza
1751,Michael Carvalho
1752,Helena Oliveira
1753,Gabriel Rodrigues
1754,Peter Oliveira
1755,David Costa
1756,Helena Souza
1757,Daniela Carvalho
1758,Daniela Carvalho
1759,Gabriel Moura
1760,Chris Almeida
1761,John Carvalho
1762,Mary Oliveira
1763,Emily Ribeiro
1764,Julia Lima
1765,Carlos Oliveira
1766,Jessica Carvalho
1767,David Araujo
1768,John Gomes
1769,Eduardo Fernandes
1770,Chris Ribeiro
1771,Peter Oliveira
1772,Fernanda Costa
1773,Chris Lima
1774,Emily Lima
1775,Jessica Costa
1776,Eduardo Rocha
1777,Eduardo Dias
1778,Eduardo Costa
1779,Chris Pereira
1780,Sarah Pereira
1781,Sarah Santos
1782,Helena Oliveira
1783,John Dias
1784,Daniela Rocha
1785,Mary Dias
1786,Jessica Castro
1787,Fernanda Nascimento
1788,John Araujo
1789,Ana Pereira
1790,Beatriz Almeida
1791,Daniela Ribeiro
1792,Julia Rodrigues
1793,Sarah Rocha
1794,Sarah Costa
1795,Igor Ribeiro
1796,Igor Rodrigues
1797,David Rodrigues
1798,Julia Nascimento
1799,Chris Dias
1800,Gabriel Souza
1801,Eduardo Fernandes
1802,Chris Martins
1803,Emily Oliveira
1804,Eduardo Silva
1805,Carlos Dias
1806,Ana Rocha
1807,Daniela Silva
1808,Ana Almeida
1809,Jessica Araujo
1810,John Moura
1811,Eduardo Rocha
1812,Gabriel Costa
1813,Ana Moura
1814,Jane Araujo
1815,Igor Gomes
1816,Sarah Fernandes
1817,Fernanda Araujo
1818,Ana Costa
1819,Fernanda Pereira
1820,Mary Costa
1821,Carlos Araujo
1822,Jane Nascimento
1823,Jane Almeida
1824,Chris Araujo
1825,Michael Silva
1826,Daniela Fernandes
1827,Igor Pereira
1828,Daniela Carvalho
1829,Eduardo Pereira
1830,Sarah Costa
1831,David Nascimento
1832,David Fernandes
1833,Peter Pereira
1834,Jane Moura
1835,Julia Lima
1836,Sarah Moura
1837,Helena Souza
1838,David Ribeiro
1839,Ana Oliveira
1840,Gabriel Gomes
1841,Mary Costa
1842,Sarah Oliveira
1843,Sarah Rodrigues
1844,Michael Oliveira
1845,Helena Martins
1846,David Ribeiro
1847,John Lima
1848,Igor Fernandes
1849,Igor Oliveira
1850,Emily Fernandes
1851,Fernanda Moura
1852,Peter Nascimento
1853,Sarah Martins
1854,Jane Dias
1855,Chris Castro
1856,Jessica Rocha
1857,Peter Santos
1858,Fernanda Fernandes
1859,Daniela Rocha
1860,Helena Oliveira
1861,Beatriz Araujo
1862,Michael Silva
1863,Michael Santos
1864,Jane Castro
1865,Ana Nascimento
1866,Ana Araujo
1867,Michael Lima
1868,Igor Silva
1869,Sarah Ribeiro
1870,Jane Souza
1871,Eduardo Souza
1872,Gabriel Oliveira
1873,Ana Santos
1874,Jane Dias
1875,Emily Rodrigues
1876,Julia Carvalho
1877,Fernanda Martins
1878,Mary Dias
1879,Peter Oliveira
1880,Eduardo Carvalho
1881,Carlos Castro
1882,John Rocha
1883,David Gomes
1884,Sarah Castro
1885,Gabriel Araujo
1886,Emily Fernandes
1887,Michael Araujo
1888,Carlos Nascimento
1889,Sarah Silva
1890,Sarah Ribeiro
1891,Carlos Rocha
1892,David Fernandes
1893,Ana Carvalho
1894,David Santos
1895,Ana Almeida
1896,Carlos Moura
1897,David Silva
1898,Igor Oliveira
1899,David Fernandes
1900,Beatriz Fernandes
1901,Gabriel Gomes
1902,Igor Lima
1903,Michael Lima
1904,Sarah Pereira
1905,Daniela Araujo
1906,Peter Santos
1907,Helena Araujo
1908,Igor Gomes
1909,Peter Fernandes
1910,Beatriz Oliveira
1911,Ana Fernandes
1912,Helena Martins
1913,Fernanda Souza
1914,Emily Moura
1915,Peter Lima
1916,Jane Fernandes
1917,John Costa
1918,Daniela Dias
1919,Daniela Gomes
1920,Mary Rodrigues
1921,Mary Rocha
1922,Fernanda Almeida
1923,Jessica Costa
1924,Beatriz Fernandes
1925,Jessica Castro
1926,John Oliveira
1927,Helena Santos
1928,Michael Oliveira
1929,Beatriz Lima
1930,Jane Martins
1931,Jane Almeida
1932,Carlos Costa
1933,John Pereira
1934,Eduardo Castro
1935,Fernanda Gomes
1936,Mary Ribeiro
1937,John Souza
1938,Jessica Carvalho
1939,Chris Carvalho
1940,Julia Moura
1941,Helena Carvalho
1942,Jane Costa
1943,Fernanda Gomes
1944,Gabriel Souza
1945,Jane Santos
1946,Igor Santos
1947,Peter Nascimento
1948,Emily Pereira
1949,Helena Silva
1950,Mary Dias
1951,Eduardo Lima
1952,Mary Moura
1953,Fernanda Ribeiro
1954,Sarah Rodrigues
1955,Helena Nascimento
1956,Sarah Martins
1957,Michael Fernandes
1958,Jane Araujo
1959,Peter Fernandes
1960,Beatriz Dias
1961,Ana Moura
1962,Jessica Carvalho
1963,David Nascimento
1964,Peter Silva
1965,Jane Carvalho
1966,Igor Nascimento
1967,Beatriz Castro
1968,Emily Silva
1969,Beatriz Oliveira
1970,Igor Rocha
1971,Daniela Almeida
1972,Beatriz Santos
1973,Beatriz Almeida
1974,Emily Silva
1975,Helena Costa
1976,Beatriz Martins
1977,John Almeida
1978,Eduardo Moura
1979,Jane Lima
1980,Fernanda Silva
1981,Gabriel Moura
1982,Ana Pereira
1983,Mary Dias
1984,Beatriz Lima
1985,Eduardo Nascimento
1986,Jane Castro
1987,Eduardo Martins
1988,Daniela Nascimento
1989,John Lima
1990,Igor Dias
1991,Chris Moura
1992,Julia Santos
1993,Daniela Castro
1994,Fernanda Lima
1995,Fernanda Fernandes
1996,Emily Rodrigues
1997,Eduardo Carvalho
1998,Helena Silva
1999,Jessica Castro
2000,Gabriel Oliveira
2001,Mary Almeida
2002,Igor Almeida
2003,John Gomes
2004,Ana Ribeiro
2005,Beatriz Almeida
2006,Jane Lima
2007,Emily Gomes
2008,John Moura
2009,Jessica Moura
2010,Emily Araujo
2011,Jessica Gomes
2012,Michael Nascimento
2013,Jane Rocha
2014,Chris Ribeiro
2015,Emily Fernandes
2016,Peter Almeida
2017,Mary Castro
2018,Peter Moura
2019,Emily Rodrigues
2020,Daniela Ribeiro
2021,Peter Ribeiro
2022,Eduardo Dias
2023,Carlos Araujo
2024,Daniela Costa
2025,Sarah Dias
2026,Jessica Carvalho
2027,John Rodrigues
2028,Jane Moura
2029,Chris Oliveira
2030,Jane Carvalho
2031,Gabriel Nascimento
2032,Jane Dias
2033,Jane Martins
2034,Eduardo Araujo
2035,Igor Costa
2036,Jessica Rodrigues
2037,John Silva
2038,Chris Rocha
2039,Sarah Dias
2040,Ana Martins
2041,Chris Carvalho
2042,Emily Rocha
2043,Fernanda Costa
2044,David Pereira
2045,Carlos Araujo
2046,Jessica Nascimento
2047,Chris Moura
2048,Gabriel Lima
2049,Ana Souza
2050,Carlos Silva
2051,Gabriel Rodrigues
2052,Beatriz Fernandes
2053,Fernanda Araujo
2054,Mary Rodrigues
2055,Sarah Rocha
2056,Chris Lima
2057,Fernanda Oliveira
2058,Daniela Martins
2059,Mary Castro
2060,Carlos Almeida
2061,Eduardo Pereira
2062,Gabriel Rocha
2063,Mary Costa
2064,Mary Fernandes
2065,Jessica Santos
2066,David Costa
2067,Igor Moura
2068,Igor Silva
2069,Chris Souza
2070,Gabriel Pereira
2071,Fernanda Rodrigues
2072,Carlos Carvalho
2073,Sarah Carvalho
2074,Fernanda Silva
2075,Julia Carvalho
2076,Michael Santos
2077,Gabriel Souza
2078,Eduardo Fernandes
2079,Michael Silva
2080,John Araujo
2081,Chris Oliveira
2082,Michael Moura
2083,Jessica Souza
2084,Daniela Fernandes
2085,Peter Rocha
2086,Chris Almeida
2087,Peter Costa
2088,Mary Pereira
2089,Sarah Moura
2090,Julia Nascimento
2091,David Silva
2092,Gabriel Costa
2093,Jane Moura
2094,Carlos Almeida
2095,Peter Silva
2096,Chris Araujo
2097,Peter Nascimento
2098,Chris Lima
2099,Daniela Fernandes
2100,Jane Silva
2101,John Pereira
2102,Julia Ribeiro
2103,Jessica Fernandes
2104,Carlos Castro
2105,Igor Lima
2106,Eduardo Dias
2107,Chris Rodrigues
2108,Emily Lima
2109,Sarah Nascimento
2110,Emily Oliveira
2111,David Dias
2112,Helena Santos
2113,Ana Nascimento
2114,Eduardo Castro
2115,Jessica Souza
2116,Julia Castro
2117,Jane Gomes
2118,Eduardo Castro
2119,Mary Rocha
2120,David Fernandes
2121,Helena Santos
2122,Gabriel Santos
2123,Daniela Ribeiro
2124,Daniela Dias
2125,Eduardo Costa
2126,Michael Ribeiro
2127,Beatriz Silva
2128,John Dias
2129,Michael Nascimento
2130,Michael Dias
2131,Carlos Silva
2132,Gabriel Castro
2133,Jessica Ribeiro
2134,Ana Oliveira
2135,John Santos
2136,Beatriz Almeida
2137,Mary Castro
2138,David Martins
2139,Emily Santos
2140,Mary Carvalho
2141,John Fernandes
2142,Gabriel Castro
2143,Chris Araujo
2144,Chris Dias
2145,Emily Silva
2146,Eduardo Oliveira
2147,Jane Almeida
2148,Fernanda Martins
2149,John Araujo
2150,Helena Martins
2151,Chris Castro
2152,Emily Nascimento
2153,Fernanda Rodrigues
2154,Julia Ribeiro
2155,Jane Oliveira
2156,Chris Costa
2157,Igor Lima
2158,David Costa
2159,Fernanda Santos
2160,Helena Dias
2161,Peter Oliveira
2162,Daniela Rodrigues
2163,Fernanda Rodrigues
2164,Carlos Ribeiro
2165,Peter Oliveira
2166,Fernanda Silva
2167,Daniela Nascimento
2168,Julia Costa
2169,Emily Castro
2170,Chris Carvalho
2171,Igor Santos
2172,Sarah Lima
2173,Ana Fernandes
2174,Daniela Pereira
2175,Mary Martins
2176,Eduardo Fernandes
2177,Igor Rocha
2178,Carlos Moura
2179,Daniela Dias
2180,Sarah Almeida
2181,Sarah Dias
2182,Carlos Castro
2183,Mary Lima
2184,Gabriel Nascimento
2185,Chris Costa
2186,Sarah Souza
2187,Igor Gomes
2188,Sarah Souza
2189,Carlos Fernandes
2190,Jessica Araujo
2191,Sarah Oliveira
2192,Beatriz Pereira
2193,Beatriz Almeida
2194,Michael Dias
2195,Chris Dias
2196,David Ribeiro
2197,Daniela Almeida
2198,Michael Oliveira
2199,Beatriz Moura
2200,Igor Carvalho
2201,Sarah Dias
2202,Beatriz Martins
2203,Jessica Oliveira
2204,Peter Moura
2205,Peter Dias
2206,Michael Nascimento
2207,Ana Silva
2208,Igor Carvalho
2209,Julia Silva
2210,David Santos
2211,Peter Ribeiro
2212,John Rodrigues
2213,Fernanda Martins
2214,Michael Martins
2215,Mary Almeida
2216,Peter Moura
2217,Fernanda Ribeiro
2218,John Nascimento
2219,Beatriz Gomes
2220,Ana Araujo
2221,Peter Carvalho
2222,Mary Ribeiro
2223,John Souza
2224,Ana Fernandes
2225,Michael Lima
2226,Peter Castro
2227,Chris Souza
2228,Eduardo Rodrigues
2229,Peter Oliveira
2230,Jane Nascimento
2231,Beatriz Almeida
2232,Peter Almeida
2233,Julia Gomes
2234,Fernanda Almeida
2235,Michael Moura
2236,Emily Oliveira
2237,Mary Castro
2238,Mary Santos
2239,Igor Moura
2240,Helena Nascimento
2241,Eduardo Dias
2242,Carlos Oliveira
2243,Igor Souza
2244,Sarah Martins
2245,Julia Araujo
2246,Jane Carvalho
2247,Beatriz Moura
2248,Sarah Araujo
2249,Helena Pereira
2250,Ana Santos
2251,David Martins
2252,Julia Fernandes
2253,Daniela Pereira
2254,Sarah Silva
2255,Mary Almeida
2256,Emily Carvalho
2257,Chris Carvalho
2258,Carlos Castro
2259,David Dias
2260,Chris Oliveira
2261,Fernanda Costa
2262,David Lima
2263,Sarah Carvalho
2264,Fernanda Castro
2265,Michael Nascimento
2266,Helena Araujo
2267,Julia Souza
2268,Emily Fernandes
2269,Chris Moura
2270,Emily Santos
2271,Mary Carvalho
2272,Chris Souza
2273,Daniela Costa
2274,Jane Rodrigues
2275,Fernanda Almeida
2276,Chris Santos
2277,Peter Almeida
2278,Jessica Lima
2279,Jane Fernandes
2280,Daniela Dias
2281,Beatriz Carvalho
2282,Igor Gomes
2283,Michael Almeida
2284,Sarah Nascimento
2285,Fernanda Silva
2286,Carlos Gomes
2287,Chris Carvalho
2288,Ana Souza
2289,Julia Silva
2290,Chris Rodrigues
2291,Eduardo Fernandes
2292,David Carvalho
2293,Carlos Silva
2294,Daniela Rocha
2295,Ana Araujo
2296,Julia Ribeiro
2297,Michael Rodrigues
2298,Eduardo Ribeiro
2299,Daniela Oliveira
2300,Peter Ribeiro
2301,Carlos Rocha
2302,Julia Rocha
2303,Beatriz Ribeiro
2304,Gabriel Moura
2305,Helena Silva
2306,David Araujo
2307,Emily Pereira
2308,Gabriel Carvalho
2309,Ana Almeida
2310,Julia Souza
2311,Ana Silva
2312,Daniela Souza
2313,Mary Santos
2314,Emily Castro
2315,Eduardo Martins
2316,Sarah Fernandes
2317,Sarah Araujo
2318,Julia Almeida
2319,Julia Gomes
2320,Sarah Lima
2321,Gabriel Lima
2322,Ana Rocha
2323,Eduardo Gomes
2324,Beatriz Martins
2325,Eduardo Araujo
2326,John Rodrigues
2327,David Rodrigues
2328,John Fernandes
2329,Jane Santos
2330,Emily Nascimento
2331,Eduardo Rodrigues
2332,Julia Silva
2333,Julia Souza
2334,Carlos Almeida
2335,Fernanda Ribeiro
2336,Jessica Rocha
2337,Carlos Gomes
2338,John Fernandes
2339,Eduardo Carvalho
2340,Emily Pereira
2341,Eduardo Silva
2342,John Almeida
2343,Fernanda Silva
2344,Beatriz Almeida
2345,Gabriel Rodrigues
2346,Fernanda Almeida
2347,David Almeida
2348,John Carvalho
2349,Sarah Gomes
2350,Julia Almeida
2351,Igor Gomes
2352,David Martins
2353,David Souza
2354,Daniela Dias
2355,Jane Nascimento
2356,Julia Costa
2357,Chris Lima
2358,Jane Ribeiro
2359,Julia Castro
2360,David Castro
2361,Ana Martins
2362,Emily Araujo
2363,John Ribeiro
2364,Beatriz Gomes
2365,Michael Carvalho
2366,Peter Rocha
2367,Fernanda Pereira
2368,Emily Rocha
2369,Helena Rocha
2370,David Nascimento
2371,Helena Nascimento
2372,Gabriel Carvalho
2373,Beatriz Nascimento
2374,Peter Ribeiro
2375,Daniela Fernandes
2376,Ana Souza
2377,Fernanda Nascimento
2378,Eduardo Costa
2379,Mary Almeida
2380,Jane Oliveira
2381,Beatriz Pereira
2382,Jane Rodrigues
2383,Igor Santos
2384,Jane Araujo
2385,Helena Gomes
2386,Chris Gomes
2387,Igor Castro
2388,Mary Rodrigues
2389,Daniela Rodrigues
2390,Peter Almeida
2391,Eduardo Gomes
2392,Jessica Fernandes
2393,Beatriz Rocha
2394,Daniela Araujo
2395,Chris Souza
2396,Gabriel Carvalho
2397,Jane Dias
2398,Gabriel Souza
2399,Jessica Rocha
2400,Jane Moura
2401,Igor Martins
2402,Beatriz Moura
2403,Daniela Pereira
2404,Daniela Almeida
2405,Eduardo Souza
2406,Ana Moura
2407,Emily Castro
2408,Carlos Araujo
2409,Eduardo Moura
2410,Igor Rocha
2411,Peter Nascimento
2412,Eduardo Almeida
2413,Eduardo Moura
2414,Gabriel Silva
2415,Beatriz Moura
2416,Emily Costa
2417,Fernanda Nascimento
2418,Beatriz Araujo
2419,Jane Rocha
2420,Eduardo Souza
2421,Jessica Costa
2422,Sarah Oliveira
2423,Jane Martins
2424,Mary Rocha
2425,Chris Almeida
2426,Jane Martins
2427,Fernanda Dias
2428,Emily Almeida
2429,Ana Dias
2430,John Dias
2431,Gabriel Ribeiro
2432,Carlos Dias
2433,Sarah Ribeiro
2434,Sarah Castro
2435,Gabriel Lima
2436,Gabriel Souza
2437,Ana Castro
2438,Beatriz Nascimento
2439,Eduardo Araujo
2440,Fernanda Lima
2441,Igor Fernandes
2442,Michael Oliveira
2443,John Rodrigues
2444,Beatriz Carvalho
2445,Eduardo Souza
2446,Mary Almeida
2447,David Ribeiro
2448,Sarah Ribeiro
2449,Chris Rocha
2450,Fernanda Dias
2451,Gabriel Lima
2452,Jane Dias
2453,David Rodrigues
2454,Daniela Fernandes
2455,David Fernandes
2456,Sarah Lima
2457,Peter Almeida
2458,David Oliveira
2459,Chris Fernandes
2460,John Gomes
2461,Gabriel Ribeiro
2462,Sarah Moura
2463,Mary Araujo
2464,Igor Nascimento
2465,Beatriz Souza
2466,Gabriel Rodrigues
2467,Helena Carvalho
2468,Sarah Costa
2469,John Pereira
2470,Helena Ribeiro
2471,Helena Martins
2472,Eduardo Castro
2473,Ana Ribeiro
2474,Helena Costa
2475,Jane Nascimento
2476,Emily Moura
2477,Helena Silva
2478,Jane Nascimento
2479,Sarah Rodrigues
2480,Chris Araujo
2481,Julia Carvalho
2482,Gabriel Carvalho
2483,David Carvalho
2484,Peter Martins
2485,Chris Oliveira
2486,Jane Souza
2487,Carlos Martins
2488,Chris Araujo
2489,Helena Pereira
2490,Ana Araujo
2491,David Nascimento
2492,Beatriz Almeida
2493,Daniela Almeida
2494,Chris Gomes
2495,Emily Dias
2496,Fernanda Ribeiro
2497,Julia Santos
2498,Peter Lima
2499,Gabriel Nascimento
2500,Gabriel Santos
2501,Emily Rodrigues
2502,Chris Pereira
2503,Gabriel Dias
2504,Michael Araujo
2505,Peter Ribeiro
2506,Jane Dias
2507,Gabriel Silva
2508,Ana Oliveira
2509,Helena Silva
2510,Emily Martins
2511,Gabriel Araujo
2512,Julia Oliveira
2513,Julia Rocha
2514,Fernanda Araujo
2515,John Nascimento
2516,Emily Lima
2517,Fernanda Martins
2518,Sarah Pereira
2519,David Rocha
2520,Emily Moura
2521,Chris Almeida
2522,Jessica Carvalho
2523,Helena Gomes
2524,Beatriz Fernandes
2525,Michael Martins
2526,Jessica Rocha
2527,Chris Carvalho
2528,David Martins
2529,Fernanda Fernandes
2530,Emily Castro
2531,Fernanda Castro
2532,Carlos Araujo
2533,Igor Dias
2534,Ana Martins
2535,Peter Martins
2536,Gabriel Lima
2537,Gabriel Moura
2538,Jane Castro
2539,David Rodrigues
2540,Beatriz Almeida
2541,Julia Lima
2542,Julia Rodrigues
2543,Michael Moura
2544,Emily Oliveira
2545,Chris Rodrigues
2546,Beatriz Silva
2547,Jane Pereira
2548,Beatriz Carvalho
2549,Helena Pereira
2550,Jessica Almeida
2551,Ana Almeida
2552,Beatriz Araujo
2553,Fernanda Santos
2554,Sarah Silva
2555,Jane Costa
2556,Beatriz Almeida
2557,Beatriz Ribeiro
2558,John Gomes
2559,Mary Carvalho
2560,Carlos Nascimento
2561,Beatriz Dias
2562,Michael Martins
2563,Michael Costa
2564,Igor Ribeiro
2565,David Ribeiro
2566,Peter Costa
2567,Igor Rodrigues
2568,Michael Araujo
2569,Jane Santos
2570,Helena Fernandes
2571,Gabriel Lima
2572,Helena Pereira
2573,Fernanda Castro
2574,Beatriz Araujo
2575,Chris Dias
2576,Ana Martins
2577,Gabriel Costa
2578,Mary Moura
2579,Beatriz Castro
2580,Gabriel Dias
2581,Jessica Dias
2582,Jane Souza
2583,Helena Castro
2584,Mary Ribeiro
2585,Jane Santos
2586,Carlos Silva
2587,Eduardo Rocha
2588,Daniela Lima
2589,Mary Pereira
2590,Michael Carvalho
2591,Igor Dias
2592,Gabriel Dias
2593,Peter Rodrigues
2594,Julia Pereira
2595,Igor Lima
2596,Helena Gomes
2597,Chris Dias
2598,Peter Dias
2599,Julia Araujo
2600,Carlos Dias
2601,Eduardo Castro
2602,Sarah Silva
2603,Jessica Castro
2604,Ana Moura
2605,Igor Silva
2606,John Pereira
2607,Gabriel Nascimento
2608,Fernanda Martins
2609,Emily Dias
2610,Emily Castro
2611,Igor Martins
2612,Emily Ribeiro
2613,Sarah Moura
2614,Fernanda Gomes
2615,Chris Moura
2616,Igor Almeida
2617,Carlos Nascimento
2618,Emily Silva
2619,Sarah Silva
2620,Igor Castro
2621,Jessica Fernandes
2622,Mary Gomes
2623,David Gomes
2624,Beatriz Rodrigues
2625,Ana Fernandes
2626,Michael Araujo
2627,Carlos Martins
2628,Emily Santos
2629,Mary Martins
2630,Jane Silva
2631,Carlos Costa
2632,Beatriz Ribeiro
2633,Julia Carvalho
2634,Carlos Carvalho
2635,Daniela Carvalho
2636,Helena Souza
2637,Beatriz Araujo
2638,Mary Ribeiro
2639,Julia Martins
2640,Julia Oliveira
2641,Peter Pereira
2642,Helena Silva
2643,Sarah Moura
2644,Sarah Pereira
2645,Ana Castro
2646,Peter Martins
2647,Michael Almeida
2648,Helena Carvalho
2649,Chris Almeida
2650,Eduardo Rodrigues
2651,Beatriz Dias
2652,Jessica Dias
2653,Peter Pereira
2654,Fernanda Moura
2655,Beatriz Santos
2656,Sarah Gomes
2657,David Moura
2658,Sarah Almeida
2659,Sarah Araujo
2660,Michael Martins
2661,Julia Santos
2662,Michael Martins
2663,John Santos
2664,Julia Pereira
2665,Gabriel Lima
2666,Beatriz Rodrigues
2667,John Pereira
2668,John Lima
2669,Mary Moura
2670,Julia Silva
2671,Mary Nascimento
2672,Mary Castro
2673,Gabriel Castro
2674,Eduardo Castro
2675,Mary Ribeiro
2676,John Araujo
2677,Eduardo Pereira
2678,Mary Almeida
2679,Eduardo Castro
2680,Jane Rocha
2681,Eduardo Santos
2682,Jessica Souza
2683,Emily Fernandes
2684,Daniela Fernandes
2685,Michael Almeida
2686,Jessica Souza
2687,Michael Castro
2688,Eduardo Castro
2689,Jessica Rodrigues
2690,Ana Costa
2691,Michael Santos
2692,Eduardo Fernandes
2693,Michael Santos
2694,Julia Silva
2695,David Santos
2696,Beatriz Pereira
2697,Jessica Carvalho
2698,Julia Souza
2699,Jessica Carvalho
2700,Sarah Oliveira
2701,Helena Costa
2702,Julia Souza
2703,Peter Souza
2704,Beatriz Castro
2705,Mary Souza
2706,Chris Oliveira
2707,Beatriz Castro
2708,Jessica Araujo
2709,Chris Almeida
2710,Mary Moura
2711,Emily Rocha
2712,Jessica Ribeiro
2713,John Martins
2714,Sarah Carvalho
2715,Beatriz Lima
2716,Fernanda Oliveira
2717,Sarah Costa
2718,Michael Gomes
2719,Mary Moura
2720,Carlos Gomes
2721,Gabriel Almeida
2722,Ana Almeida
2723,Sarah Gomes
2724,David Ribeiro
2725,John Santos
2726,Beatriz Oliveira
2727,Sarah Lima
2728,Fernanda Dias
2729,Jane Martins
2730,Beatriz Fernandes
2731,Ana Nascimento
2732,Gabriel Castro
2733,Michael Nascimento
2734,Helena Silva
2735,Mary Silva
2736,Helena Silva
2737,Mary Almeida
2738,Beatriz Castro
2739,Fernanda Souza
2740,Ana Costa
2741,David Rocha
2742,Carlos Almeida
2743,Peter Castro
2744,Carlos Fernandes
2745,Sarah Oliveira
2746,Fernanda Rodrigues
2747,John Pereira
2748,Ana Castro
2749,Carlos Pereira
2750,Igor Martins
2751,Gabriel Souza
2752,Igor Gomes
2753,Peter Dias
2754,Michael Silva
2755,Jessica Fernandes
2756,Carlos Santos
2757,Jane Gomes
2758,John Souza
2759,Chris Almeida
2760,Igor Fernandes
2761,Michael Moura
2762,Chris Lima
2763,Julia Carvalho
2764,Sarah Costa
2765,John Castro
2766,Jane Moura
2767,Carlos Nascimento
2768,Peter Pereira
2769,Daniela Silva
2770,Emily Pereira
2771,Michael Silva
2772,Ana Pereira
2773,Mary Martins
2774,Michael Castro
2775,Sarah Ribeiro
2776,Jessica Souza
2777,Fernanda Almeida
2778,Fernanda Souza
2779,Peter Fernandes
2780,Beatriz Rocha
2781,Chris Silva
2782,Carlos Oliveira
2783,Julia Lima
2784,Jessica Ribeiro
2785,Beatriz Araujo
2786,Daniela Ribeiro
2787,Helena Carvalho
2788,Julia Souza
2789,Fernanda Fernandes
2790,Michael Rodrigues
2791,Michael Rocha
2792,Mary Lima
2793,David Moura
2794,John Rocha
2795,David Costa
2796,Jessica Araujo
2797,Jessica Costa
2798,Helena Silva
2799,Beatriz Moura
2800,Julia Araujo
2801,John Carvalho
2802,Mary Pereira
2803,Peter Almeida
2804,Michael Rodrigues
2805,Peter Araujo
2806,Helena Castro
2807,Peter Oliveira
2808,Gabriel Nascimento
2809,John Rodrigues
2810,Carlos Martins
2811,Fernanda Carvalho
2812,Helena Costa
2813,Jessica Araujo
2814,Igor Rocha
2815,David Ribeiro
2816,Eduardo Ribeiro
2817,Helena Silva
2818,Sarah Oliveira
2819,Eduardo Castro
2820,Peter Lima
2821,Michael Ribeiro
2822,Jane Carvalho
2823,Peter Rocha
2824,Fernanda Castro
2825,Mary Almeida
2826,Fernanda Araujo
2827,Chris Dias
2828,David Silva
2829,Michael Rocha
2830,Ana Martins
2831,Jane Souza
2832,Carlos Souza
2833,Mary Gomes
2834,Helena Nascimento
2835,Jane Rocha
2836,Eduardo Carvalho
2837,Beatriz Oliveira
2838,John Nascimento
2839,David Rocha
2840,Helena Fernandes
2841,Daniela Almeida
2842,David Rodrigues
2843,Michael Gomes
2844,Chris Carvalho
2845,Sarah Santos
2846,Beatriz Santos
2847,Emily Fernandes
2848,Helena Souza
2849,Jessica Silva
2850,Sarah Fernandes
2851,Chris Fernandes
2852,Jessica Santos
2853,Igor Rodrigues
2854,Chris Araujo
2855,Jane Martins
2856,Fernanda Ribeiro
2857,Emily Silva
2858,Daniela Rodrigues
2859,Peter Souza
2860,John Fernandes
2861,Gabriel Martins
2862,Peter Araujo
2863,Igor Martins
2864,Carlos Silva
2865,Igor Lima
2866,Jane Martins
2867,Fernanda Santos
2868,Beatriz Souza
2869,Chris Souza
2870,Daniela Santos
2871,Peter Martins
2872,Eduardo Silva
2873,Fernanda Dias
2874,Michael Rodrigues
2875,John Fernandes
2876,Igor Moura
2877,Sarah Silva
2878,Jane Souza
2879,Mary Silva
2880,Eduardo Rodrigues
2881,Carlos Nascimento
2882,David Lima
2883,Sarah Gomes
2884,Peter Nascimento
2885,Ana Nascimento
2886,Carlos Araujo
2887,Peter Fernandes
2888,Eduardo Martins
2889,Gabriel Araujo
2890,Igor Silva
2891,Helena Costa
2892,Sarah Oliveira
2893,Julia Martins
2894,Gabriel Santos
2895,Peter Martins
2896,Jane Nascimento
2897,Igor Ribeiro
2898,Chris Santos
2899,Emily Martins
2900,Eduardo Gomes
2901,Ana Lima
2902,Fernanda Lima
2903,Chris Araujo
2904,Jane Martins
2905,Jessica Costa
2906,Carlos Ribeiro
2907,Jessica Fernandes
2908,Jane Lima
2909,Carlos Silva
2910,John Nascimento
2911,Fernanda Pereira
2912,Peter Rocha
2913,Daniela Gomes
2914,Helena Silva
2915,Chris Nascimento
2916,David Ribeiro
2917,Fernanda Pereira
2918,Gabriel Ribeiro
2919,Jessica Nascimento
2920,Beatriz Moura
2921,Daniela Silva
2922,Igor Rodrigues
2923,Jane Souza
2924,Sarah Oliveira
2925,Chris Martins
2926,Helena Pereira
2927,Carlos Souza
2928,Sarah Lima
2929,Jessica Almeida
2930,Jessica Rocha
2931,Emily Martins
2932,Sarah Ribeiro
2933,Daniela Castro
2934,Daniela Ribeiro
2935,Eduardo Souza
2936,David Santos
2937,Fernanda Dias
2938,John Almeida
2939,Igor Nascimento
2940,Michael Carvalho
2941,Sarah Dias
2942,Emily Moura
2943,Helena Moura
2944,Mary Rodrigues
2945,Carlos Silva
2946,Emily Carvalho
2947,Igor Oliveira
2948,Daniela Rodrigues
2949,Ana Silva
2950,Jane Costa
2951,David Santos
2952,Beatriz Souza
2953,Helena Santos
2954,Eduardo Oliveira
2955,Daniela Costa
2956,Mary Nascimento
2957,Jane Martins
2958,Carlos Fernandes
2959,Jessica Almeida
2960,Jane Ribeiro
2961,Jessica Carvalho
2962,John Souza
2963,Fernanda Oliveira
2964,John Rodrigues
2965,David Moura
2966,Eduardo Rocha
2967,Daniela Santos
2968,Beatriz Almeida
2969,Peter Moura
2970,Ana Costa
2971,Emily Oliveira
2972,Beatriz Rodrigues
2973,Chris Castro
2974,Mary Castro
2975,Emily Rocha
2976,Mary Lima
2977,Jessica Almeida
2978,Eduardo Lima
2979,Chris Fernandes
2980,Igor Gomes
2981,Fernanda Moura
2982,Beatriz Lima
2983,Michael Ribeiro
2984,John Ribeiro
2985,Beatriz Pereira
2986,Helena Costa
2987,Jessica Carvalho
2988,David Dias
2989,Jessica Moura
2990,Daniela Gomes
2991,Igor Fernandes
2992,Fernanda Santos
2993,Ana Santos
2994,Igor Martins
2995,Mary Castro
2996,Peter Oliveira
2997,Daniela Santos
2998,Carlos Martins
2999,Eduardo Pereira
3000,Jessica Silva
3001,Jane Martins
3002,John Oliveira
3003,Fernanda Lima
3004,Igor Oliveira
3005,Daniela Rodrigues
3006,Ana Araujo
3007,Emily Lima
3008,Mary Rodrigues
3009,Helena Souza
3010,David Martins
3011,John Santos
3012,Gabriel Souza
3013,Gabriel Dias
3014,Michael Dias
3015,Julia Oliveira
3016,Jessica Pereira
3017,Chris Carvalho
3018,Peter Costa
3019,Jane Pereira
3020,Carlos Dias
3021,Michael Dias
3022,Helena Martins
3023,Ana Silva
3024,Sarah Castro
3025,Beatriz Fernandes
3026,Ana Santos
3027,Julia Rodrigues
3028,Ana Martins
3029,Jessica Rocha
3030,Jane Martins
3031,Julia Rocha
3032,Igor Martins
3033,Sarah Pereira
3034,Mary Almeida
3035,Chris Gomes
3036,Gabriel Castro
3037,Mary Santos
3038,John Costa
3039,Mary Fernandes
3040,David Castro
3041,Helena Silva
3042,Sarah Araujo
3043,Helena Martins
3044,Peter Fernandes
3045,Daniela Moura
3046,Igor Lima
3047,Igor Almeida
3048,Emily Pereira
3049,Beatriz Souza
3050,Peter Araujo
3051,Jane Ribeiro
3052,John Dias
3053,Ana Araujo
3054,Julia Araujo
3055,John Carvalho
3056,Jane Gomes
3057,Ana Nascimento
3058,Igor Martins
3059,Ana Rodrigues
3060,Helena Rodrigues
3061,Jane Costa
3062,Gabriel Gomes
3063,Sarah Lima
3064,Chris Moura
3065,Gabriel Fernandes
3066,Ana Rocha
3067,Helena Silva
3068,Ana Almeida
3069,David Pereira
3070,Julia Souza
3071,Igor Ribeiro
3072,Fernanda Fernandes
3073,Chris Souza
3074,Sarah Moura
3075,Julia Moura
3076,Ana Carvalho
3077,Jessica Rocha
3078,Mary Souza
3079,Chris Lima
3080,Beatriz Nascimento
3081,Ana Santos
3082,David Araujo
3083,Gabriel Souza
3084,Peter Oliveira
3085,Jane Martins
3086,Ana Dias
3087,Jane Gomes
3088,Ana Pereira
3089,Helena Moura
3090,John Gomes
3091,David Nascimento
3092,Sarah Fernandes
3093,Sarah Santos
3094,Fernanda Souza
3095,Beatriz Rocha
3096,Daniela Castro
3097,Helena Oliveira
3098,Daniela Fernandes
3099,Chris Araujo
3100,Julia Santos
3101,Daniela Araujo
3102,Ana Santos
3103,Helena Dias
3104,Helena Moura
3105,Chris Moura
3106,Carlos Nascimento
3107,Daniela Silva
3108,John Almeida
3109,Julia Castro
3110,Helena Gomes
3111,Daniela Santos
3112,Julia Rocha
3113,Julia Pereira
3114,Ana Nascimento
3115,Igor Rodrigues
3116,Jane Almeida
3117,Mary Costa
3118,Jane Rocha
3119,Julia Rocha
3120,Jane Costa
3121,Ana Moura
3122,John Oliveira
3123,Fernanda Costa
3124,Emily Dias
3125,Peter Gomes
3126,Peter Gomes
3127,David Martins
3128,Daniela Nascimento
3129,Beatriz Lima
3130,Eduardo Souza
3131,Jessica Rocha
3132,Chris Rocha
3133,Emily Nascimento
3134,Mary Rodrigues
3135,David Moura
3136,David Nascimento
3137,Igor Moura
3138,Fernanda Dias
3139,Igor Martins
3140,Mary Lima
3141,Jessica Moura
3142,Jane Moura
3143,Gabriel Moura
3144,Fernanda Silva
3145,Jessica Martins
3146,Gabriel Rocha
3147,Mary Castro
3148,Eduardo Santos
3149,Sarah Gomes
3150,Mary Lima
3151,Jane Gomes
3152,Gabriel Moura
3153,Emily Costa
3154,Julia Rocha
3155,Helena Dias
3156,John Almeida
3157,Jane Santos
3158,Carlos Moura
3159,Ana Pereira
3160,Beatriz Almeida
3161,Jane Lima
3162,Sarah Souza
3163,Fernanda Rodrigues
3164,Beatriz Rodrigues
3165,David Moura
3166,Sarah Almeida
3167,Emily Rodrigues
3168,Ana Almeida
3169,Igor Almeida
3170,Michael Fernandes
3171,Beatriz Gomes
3172,Carlos Silva
3173,Daniela Santos
3174,Igor Pereira
3175,Helena Lima
3176,Fernanda Araujo
3177,Carlos Lima
3178,Beatriz Pereira
3179,Jessica Almeida
3180,Daniela Fernandes
3181,Helena Almeida
3182,Gabriel Dias
3183,Eduardo Martins
3184,Eduardo Souza
3185,Ana Carvalho
3186,Peter Souza
3187,David Souza
3188,Daniela Castro
3189,Sarah Ribeiro
3190,Sarah Souza
3191,Helena Carvalho
3192,Jane Martins
3193,Chris Nascimento
3194,Ana Gomes
3195,Sarah Costa
3196,Jessica Dias
3197,Fernanda Ribeiro
3198,Julia Rocha
3199,Gabriel Gomes
3200,Michael Pereira
3201,Eduardo Santos
3202,Eduardo Oliveira
3203,Peter Martins
3204,Ana Costa
3205,Jessica Almeida
3206,Michael Lima
3207,Emily Souza
3208,Sarah Moura
3209,Mary Moura
3210,Mary Martins
3211,Peter Rocha
3212,Carlos Gomes
3213,Sarah Santos
3214,Jessica Santos
3215,Fernanda Gomes
3216,Jessica Rodrigues
3217,Peter Lima
3218,Helena Almeida
3219,Carlos Fernandes
3220,Fernanda Almeida
3221,Eduardo Pereira
3222,Jessica Costa
3223,Eduardo Nascimento
3224,Michael Rodrigues
3225,Michael Oliveira
3226,Chris Martins
3227,Jane Nascimento
3228,Igor Souza
3229,Beatriz Martins
3230,Jessica Souza
3231,Eduardo Silva
3232,Emily Gomes
3233,Jessica Silva
3234,Mary Nascimento
3235,Mary Costa
3236,Helena Castro
3237,Carlos Nascimento
3238,Fernanda Rocha
3239,Fernanda Nascimento
3240,Mary Lima
3241,Julia Martins
3242,Julia Rodrigues
3243,Eduardo Rocha
3244,Peter Lima
3245,Julia Rocha
3246,Jane Costa
3247,Julia Rodrigues
3248,Sarah Santos
3249,Peter Oliveira
3250,Emily Silva
3251,Helena Nascimento
3252,Carlos Rodrigues
3253,Chris Almeida
3254,Helena Fernandes
3255,Jessica Fernandes
3256,Chris Carvalho
3257,Igor Dias
3258,Helena Costa
3259,John Martins
3260,Gabriel Ribeiro
3261,Mary Oliveira
3262,Gabriel Lima
3263,Jane Pereira
3264,Jane Dias
3265,Julia Dias
3266,Peter Dias
3267,Carlos Oliveira
3268,Jane Lima
3269,Mary Almeida
3270,Mary Nascimento
3271,Michael Silva
3272,Fernanda Castro
3273,Fernanda Castro
3274,Igor Martins
3275,Fernanda Santos
3276,Gabriel Dias
3277,Gabriel Santos
3278,David Silva
3279,Sarah Ribeiro
3280,Beatriz Lima
3281,Igor Rodrigues
3282,John Almeida
3283,Fernanda Fernandes
3284,Michael Costa
3285,Daniela Oliveira
3286,Eduardo Silva
3287,Mary Castro
3288,Ana Pereira
3289,Daniela Almeida
3290,Mary Almeida
3291,Mary Lima
3292,Daniela Dias
3293,Beatriz Nascimento
3294,John Pereira
3295,Michael Moura
3296,Chris Ribeiro
3297,Eduardo Castro
3298,Julia Rodrigues
3299,Chris Lima
3300,Jessica Lima
3301,Michael Rodrigues
3302,Chris Almeida
3303,Chris Martins
3304,Beatriz Pereira
3305,John Rocha
3306,Fernanda Gomes
3307,Igor Moura
3308,Jane Araujo
3309,Michael Nascimento
3310,Gabriel Rodrigues
3311,Mary Araujo
3312,Igor Fernandes
3313,Jessica Rodrigues
3314,Helena Santos
3315,Jane Silva
3316,Mary Moura
3317,Beatriz Moura
3318,Carlos Carvalho
3319,Mary Silva
3320,Michael Araujo
3321,Sarah Moura
3322,Helena Souza
3323,Eduardo Silva
3324,Chris Almeida
3325,Beatriz Santos
3326,Eduardo Souza
3327,Fernanda Oliveira
3328,Chris Martins
3329,David Rocha
3330,Gabriel Carvalho
3331,Jane Lima
3332,Igor Silva
3333,Sarah Ribeiro
3334,Helena Almeida
3335,David Ribeiro
3336,Emily Dias
3337,Peter Pereira
3338,Eduardo Castro
3339,Daniela Martins
3340,Michael Souza
3341,Daniela Rodrigues
3342,Fernanda Oliveira
3343,Igor Rocha
3344,Daniela Araujo
3345,Chris Costa
3346,Helena Costa
3347,Julia Pereira
3348,Emily Rodrigues
3349,Jessica Lima
3350,Eduardo Ribeiro
3351,Fernanda Carvalho
3352,Gabriel Lima
3353,Mary Almeida
3354,Jane Pereira
3355,Jessica Oliveira
3356,Helena Costa
3357,Carlos Rodrigues
3358,John Araujo
3359,Igor Costa
3360,Carlos Moura
3361,Beatriz Silva
3362,John Costa
3363,Jane Almeida
3364,David Nascimento
3365,Jessica Dias
3366,Michael Carvalho
3367,Eduardo Almeida
3368,Mary Fernandes
3369,John Rocha
3370,Igor Martins
3371,Helena Souza
3372,Helena Gomes
3373,Julia Moura
3374,Carlos Silva
3375,Fernanda Araujo
3376,Carlos Nascimento
3377,Fernanda Fernandes
3378,Fernanda Lima
3379,Ana Gomes
3380,Igor Costa
3381,Chris Santos
3382,Jessica Rocha
3383,Jane Moura
3384,Carlos Souza
3385,Gabriel Carvalho
3386,Beatriz Castro
3387,Fernanda Nascimento
3388,Sarah Nascimento
3389,Carlos Nascimento
3390,Helena Araujo
3391,Jessica Nascimento
3392,Igor Souza
3393,David Rocha
3394,Fernanda Carvalho
3395,Sarah Souza
3396,Gabriel Lima
3397,Michael Santos
3398,Ana Araujo
3399,Michael Araujo
3400,Gabriel Pereira
3401,Helena Rocha
3402,Sarah Araujo
3403,Fernanda Martins
3404,Gabriel Carvalho
3405,Sarah Pereira
3406,Daniela Oliveira
3407,John Silva
3408,David Castro
3409,Michael Pereira
3410,Mary Gomes
3411,Chris Costa
3412,Fernanda Fernandes
3413,Eduardo Silva
3414,Emily Souza
3415,Carlos Souza
3416,Sarah Fernandes
3417,Helena Ribeiro
3418,Julia Oliveira
3419,David Araujo
3420,Michael Costa
3421,Gabriel Nascimento
3422,John Rocha
3423,Beatriz Carvalho
3424,Michael Dias
3425,Eduardo Carvalho
3426,Jessica Araujo
3427,Eduardo Dias
3428,Emily Nascimento
3429,John Costa
3430,Eduardo Ribeiro
3431,Eduardo Ribeiro
3432,Emily Dias
3433,Chris Martins
3434,Gabriel Silva
3435,Igor Nascimento
3436,Igor Santos
3437,Jessica Santos
3438,Carlos Rocha
3439,Emily Rodrigues
3440,Chris Araujo
3441,Jessica Martins
3442,Daniela Rodrigues
3443,Michael Pereira
3444,Helena Almeida
3445,Ana Pereira
3446,David Gomes
3447,Sarah Dias
3448,Helena Santos
3449,Jane Ribeiro
3450,Julia Castro
3451,Helena Oliveira
3452,Ana Rodrigues
3453,David Martins
3454,Chris Souza
3455,Peter Dias
3456,Michael Pereira
3457,Fernanda Pereira
3458,Helena Rodrigues
3459,Sarah Lima
3460,Peter Carvalho
3461,Igor Fernandes
3462,Helena Oliveira
3463,Jane Ribeiro
3464,Helena Dias
3465,Jessica Martins
3466,Ana Araujo
3467,Emily Lima
3468,Carlos Fernandes
3469,Peter Moura
3470,Fernanda Dias
3471,Beatriz Nascimento
3472,John Almeida
3473,Carlos Dias
3474,John Almeida
3475,David Rodrigues
3476,Mary Fernandes
3477,Igor Silva
3478,Emily Fernandes
3479,Gabriel Costa
3480,Fernanda Rodrigues
3481,Carlos Rocha
3482,John Moura
3483,Eduardo Pereira
3484,Sarah Costa
3485,Igor Costa
3486,Gabriel Castro
3487,Sarah Martins
3488,David Souza
3489,Julia Rocha
3490,Helena Rocha
3491,Emily Gomes
3492,Ana Nascimento
3493,Eduardo Gomes
3494,Carlos Silva
3495,Chris Gomes
3496,Fernanda Martins
3497,David Gomes
3498,Fernanda Moura
3499,Emily Rocha
3500,Michael Rodrigues
3501,David Souza
3502,Fernanda Nascimento
3503,John Rodrigues
3504,Carlos Carvalho
3505,Gabriel Ribeiro
3506,Jessica Oliveira
3507,David Costa
3508,Gabriel Araujo
3509,John Oliveira
3510,Igor Rocha
3511,Eduardo Costa
3512,Gabriel Gomes
3513,Mary Silva
3514,Igor Lima
3515,Peter Silva
3516,Julia Oliveira
3517,Eduardo Moura
3518,Chris Rodrigues
3519,Eduardo Ribeiro
3520,Julia Fernandes
3521,Julia Fernandes
3522,Chris Martins
3523,Fernanda Oliveira
3524,Julia Gomes
3525,Emily Castro
3526,Fernanda Martins
3527,Chris Almeida
3528,Fernanda Castro
3529,Chris Fernandes
3530,Igor Ribeiro
3531,Eduardo Santos
3532,Eduardo Silva
3533,Jane Oliveira
3534,Jane Santos
3535,Eduardo Silva
3536,Igor Souza
3537,Helena Pereira
3538,Julia Moura
3539,Gabriel Lima
3540,Fernanda Fernandes
3541,Peter Santos
3542,Ana Castro
3543,Daniela Rocha
3544,Emily Ribeiro
3545,Eduardo Ribeiro
3546,Emily Dias
3547,Igor Almeida
3548,Helena Ribeiro
3549,Michael Araujo
3550,Daniela Fernandes
3551,David Dias
3552,Emily Costa
3553,Julia Moura
3554,John Santos
3555,Sarah Pereira
3556,Beatriz Araujo
3557,Daniela Nascimento
3558,Jessica Rocha
3559,Jessica Araujo
3560,Mary Costa
3561,Jessica Silva
3562,Mary Moura
3563,Fernanda Souza
3564,Jessica Fernandes
3565,Chris Ribeiro
3566,David Moura
3567,Peter Carvalho
3568,Ana Costa
3569,Carlos Araujo
3570,Fernanda Lima
3571,Chris Souza
3572,Michael Castro
3573,Chris Almeida
3574,David Fernandes
3575,Michael Pereira
3576,Jessica Carvalho
3577,Julia Almeida
3578,Helena Moura
3579,Chris Silva
3580,Gabriel Santos
3581,Jane Almeida
3582,David Castro
3583,Gabriel Costa
3584,Mary Silva
3585,Peter Castro
3586,Julia Santos
3587,Mary Gomes
3588,Emily Nascimento
3589,Eduardo Ribeiro
3590,Ana Dias
3591,Carlos Castro
3592,John Martins
3593,Michael Almeida
3594,Sarah Lima
3595,Beatriz Almeida
3596,Julia Pereira
3597,Jessica Oliveira
3598,Ana Rocha
3599,Sarah Moura
3600,Carlos Silva
3601,Peter Moura
3602,Sarah Rocha
3603,Jessica Moura
3604,Chris Souza
3605,Michael Silva
3606,Helena Souza
3607,Helena Lima
3608,Jane Martins
3609,Michael Costa
3610,Julia Almeida
3611,Eduardo Dias
3612,Emily Ribeiro
3613,Daniela Rodrigues
3614,Sarah Castro
3615,Carlos Nascimento
3616,Mary Gomes
3617,Michael Santos
3618,Jessica Costa
3619,Carlos Rocha
3620,Igor Lima
3621,Julia Almeida
3622,Beatriz Carvalho
3623,Jane Lima
3624,Daniela Carvalho
3625,Gabriel Dias
3626,Chris Oliveira
3627,David Ribeiro
3628,Eduardo Silva
3629,Jessica Nascimento
3630,John Costa
3631,Jane Dias
3632,Mary Santos
3633,Peter Dias
3634,Ana Pereira
3635,Gabriel Rodrigues
3636,Gabriel Rodrigues
3637,Chris Lima
3638,Michael Lima
3639,Fernanda Souza
3640,Helena Oliveira
3641,Gabriel Oliveira
3642,Michael Araujo
3643,Julia Ribeiro
3644,Julia Ribeiro
3645,Sarah Dias
3646,Helena Souza
3647,Jane Santos
3648,Peter Almeida
3649,Chris Silva
3650,John Carvalho
3651,Carlos Nascimento
3652,Beatriz Silva
3653,Michael Rodrigues
3654,Carlos Moura
3655,Ana Gomes
3656,Helena Oliveira
3657,Igor Pereira
3658,Igor Moura
3659,Eduardo Santos
3660,Jessica Moura
3661,Sarah Nascimento
3662,Jessica Almeida
3663,Emily Carvalho
3664,Emily Oliveira
3665,Ana Souza
3666,Chris Nascimento
3667,David Oliveira
3668,Daniela Santos
3669,Helena Nascimento
3670,Beatriz Santos
3671,Michael Lima
3672,David Rodrigues
3673,Jane Oliveira
3674,Mary Santos
3675,Fernanda Rocha
3676,Daniela Lima
3677,Mary Santos
3678,Mary Almeida
3679,Mary Araujo
3680,Fernanda Gomes
3681,Helena Costa
3682,Julia Araujo
3683,Michael Lima
3684,Igor Souza
3685,Michael Carvalho
3686,Fernanda Costa
3687,Julia Castro
3688,Igor Araujo
3689,Jane Castro
3690,Eduardo Fernandes
3691,Peter Ribeiro
3692,David Santos
3693,Carlos Silva
3694,Daniela Oliveira
3695,Julia Fernandes
3696,Beatriz Almeida
3697,John Silva
3698,Igor Costa
3699,Beatriz Fernandes
3700,Sarah Pereira
3701,Daniela Oliveira
3702,Daniela Moura
3703,Eduardo Costa
3704,Igor Gomes
3705,Ana Fernandes
3706,Jane Santos
3707,Sarah Moura
3708,Chris Souza
3709,Igor Castro
3710,Igor Pereira
3711,Julia Castro
3712,Michael Fernandes
3713,Julia Araujo
3714,Carlos Almeida
3715,Ana Lima
3716,David Castro
3717,Peter Almeida
3718,Julia Araujo
3719,Ana Araujo
3720,Jessica Gomes
3721,Chris Rodrigues
3722,Peter Araujo
3723,Eduardo Rodrigues
3724,Carlos Almeida
3725,Eduardo Gomes
3726,Fernanda Nascimento
3727,Daniela Gomes
3728,Beatriz Moura
3729,Ana Martins
3730,Helena Fernandes
3731,Peter Fernandes
3732,John Araujo
3733,Eduardo Souza
3734,Carlos Ribeiro
3735,John Rodrigues
3736,Carlos Costa
3737,Daniela Pereira
3738,Jessica Gomes
3739,Chris Almeida
3740,John Lima
3741,Jessica Castro
3742,David Silva
3743,Jessica Souza
3744,Peter Santos
3745,Emily Almeida
3746,Igor Costa
3747,Peter Almeida
3748,Ana Lima
3749,Eduardo Souza
3750,Sarah Souza
3751,Daniela Nascimento
3752,Sarah Costa
3753,Igor Lima
3754,Carlos Souza
3755,Sarah Nascimento
3756,Jane Gomes
3757,Chris Fernandes
3758,Julia Pereira
3759,Beatriz Araujo
3760,Carlos Moura
3761,Eduardo Oliveira
3762,Jessica Martins
3763,Eduardo Rocha
3764,John Pereira
3765,David Fernandes
3766,Igor Lima
3767,Daniela Fernandes
3768,Sarah Almeida
3769,John Rocha
3770,Julia Almeida
3771,John Castro
3772,Peter Castro
3773,Jessica Silva
3774,Emily Pereira
3775,Jessica Oliveira
3776,Igor Gomes
3777,Jessica Ribeiro
3778,Julia Araujo
3779,Igor Carvalho
3780,Ana Oliveira
3781,Michael Silva
3782,Ana Santos
3783,Eduardo Dias
3784,Daniela Martins
3785,Eduardo Costa
3786,Eduardo Santos
3787,Chris Gomes
3788,Helena Nascimento
3789,Chris Santos
3790,Gabriel Castro
3791,Carlos Moura
3792,Jessica Fernandes
3793,Emily Dias
3794,Mary Rocha
3795,Igor Fernandes
3796,Fernanda Souza
3797,Daniela Ribeiro
3798,Ana Moura
3799,Eduardo Martins
3800,Sarah Rodrigues
3801,Michael Santos
3802,Ana Rodrigues
3803,Mary Castro
3804,Beatriz Castro
3805,Ana Ribeiro
3806,Jane Santos
3807,Chris Rocha
3808,Peter Gomes
3809,Michael Costa
3810,Gabriel Gomes
3811,David Ribeiro
3812,Sarah Martins
3813,Peter Gomes
3814,Ana Santos
3815,Jane Gomes
3816,Jessica Carvalho
3817,Gabriel Martins
3818,Ana Moura
3819,Fernanda Carvalho
3820,Helena Costa
3821,Beatriz Rodrigues
3822,Carlos Dias
3823,Eduardo Gomes
3824,Sarah Santos
3825,Beatriz Fernandes
3826,Peter Santos
3827,Daniela Pereira
3828,Peter Dias
3829,John Nascimento
3830,Julia Martins
3831,Igor Costa
3832,Sarah Costa
3833,Sarah Moura
3834,Sarah Carvalho
3835,Igor Pereira
3836,David Araujo
3837,Ana Oliveira
3838,Eduardo Silva
3839,Igor Souza
3840,Emily Rocha
3841,Eduardo Pereira
3842,Jessica Carvalho
3843,Jessica Costa
3844,Ana Moura
3845,Eduardo Ribeiro
3846,Mary Fernandes
3847,Michael Costa
3848,Emily Dias
3849,Sarah Ribeiro
3850,Gabriel Santos
3851,Helena Rocha
3852,Eduardo Costa
3853,Jessica Pereira
3854,John Araujo
3855,John Pereira
3856,John Castro
3857,Chris Rodrigues
3858,Sarah Fernandes
3859,Beatriz Gomes
3860,Peter Souza
3861,Beatriz Moura
3862,Gabriel Gomes
3863,Carlos Rocha
3864,Jessica Oliveira
3865,Mary Nascimento
3866,Mary Fernandes
3867,David Souza
3868,Ana Lima
3869,Julia Souza
3870,Peter Rocha
3871,Daniela Souza
3872,David Almeida
3873,Carlos Rodrigues
3874,Gabriel Santos
3875,John Silva
3876,Beatriz Rocha
3877,Eduardo Castro
3878,Daniela Moura
3879,John Martins
3880,Daniela Pereira
3881,David Martins
3882,Chris Rocha
3883,Chris Costa
3884,Emily Rocha
3885,Jessica Oliveira
3886,Daniela Castro
3887,Michael Castro
3888,Carlos Rocha
3889,Julia Nascimento
3890,Igor Rodrigues
3891,Ana Costa
3892,Helena Castro
3893,David Fernandes
3894,Mary Araujo
3895,David Martins
3896,Julia Pereira
3897,David Gomes
3898,Carlos Nascimento
3899,Sarah Ribeiro
3900,Jane Martins
3901,Michael Souza
3902,Carlos Souza
3903,Peter Castro
3904,Sarah Almeida
3905,Ana Moura
3906,Jessica Ribeiro
3907,Beatriz Rodrigues
3908,Gabriel Dias
3909,Michael Martins
3910,Carlos Costa
3911,Helena Gomes
3912,Fernanda Ribeiro
3913,Igor Carvalho
3914,Emily Castro
3915,Igor Santos
3916,Gabriel Almeida
3917,Jane Almeida
3918,Jessica Araujo
3919,Chris Souza
3920,Michael Costa
3921,Emily Pereira
3922,Eduardo Araujo
3923,Helena Oliveira
3924,Emily Souza
3925,Mary Moura
3926,Gabriel Costa
3927,David Dias
3928,Igor Gomes
3929,Peter Moura
3930,Carlos Silva
3931,John Gomes
3932,Ana Gomes
3933,Beatriz Castro
3934,Gabriel Araujo
3935,Sarah Lima
3936,Eduardo Ribeiro
3937,Julia Oliveira
3938,Daniela Rocha
3939,Chris Nascimento
3940,Michael Oliveira
3941,Ana Moura
3942,Emily Rocha
3943,Beatriz Fernandes
3944,Beatriz Ribeiro
3945,Ana Martins
3946,Emily Almeida
3947,Eduardo Rodrigues
3948,David Moura
3949,Michael Gomes
3950,Beatriz Oliveira
3951,Eduardo Pereira
3952,Mary Araujo
3953,John Ribeiro
3954,Gabriel Ribeiro
3955,Mary Rodrigues
3956,Jessica Oliveira
3957,Carlos Martins
3958,Michael Rocha
3959,Eduardo Fernandes
3960,Carlos Nascimento
3961,Jane Almeida
3962,Michael Lima
3963,John Ribeiro
3964,Mary Castro
3965,Julia Carvalho
3966,Michael Araujo
3967,Chris Almeida
3968,Sarah Pereira
3969,Jane Ribeiro
3970,Beatriz Araujo
3971,Ana Martins
3972,David Santos
3973,Sarah Lima
3974,Jessica Fernandes
3975,Daniela Silva
3976,Chris Silva
3977,Emily Costa
3978,Julia Almeida
3979,Julia Costa
3980,Gabriel Ribeiro
3981,John Souza
3982,Igor Lima
3983,Mary Costa
3984,John Ribeiro
3985,Chris Rodrigues
3986,Igor Oliveira
3987,Emily Almeida
3988,Fernanda Gomes
3989,Gabriel Castro
3990,Igor Araujo
3991,Fernanda Moura
3992,Helena Santos
3993,Eduardo Ribeiro
3994,Helena Rocha
3995,Jessica Souza
3996,Michael Castro
3997,Emily Pereira
3998,Julia Martins
3999,Fernanda Almeida
4000,David Moura
4001,Chris Fernandes
4002,Ana Dias
4003,Eduardo Santos
4004,Ana Carvalho
4005,Chris Pereira
4006,John Santos
4007,Gabriel Ribeiro
4008,Jane Costa
4009,Fernanda Ribeiro
4010,Carlos Souza
4011,Jessica Silva
4012,Jessica Rodrigues
4013,Jane Rodrigues
4014,Peter Araujo
4015,Daniela Araujo
4016,Mary Gomes
4017,Jane Ribeiro
4018,John Rocha
4019,Jessica Almeida
4020,Peter Oliveira
4021,Gabriel Lima
4022,Michael Fernandes
4023,Jane Rodrigues
4024,Michael Gomes
4025,Julia Martins
4026,Julia Almeida
4027,Jane Araujo
4028,Carlos Nascimento
4029,Michael Nascimento
4030,Igor Costa
4031,Fernanda Castro
4032,Sarah Souza
4033,Sarah Rodrigues
4034,Mary Almeida
4035,Helena Carvalho
4036,Igor Costa
4037,John Carvalho
4038,Julia Silva
4039,Eduardo Dias
4040,Ana Rocha
4041,Carlos Castro
4042,Carlos Dias
4043,Igor Dias
4044,David Fernandes
4045,Fernanda Gomes
4046,Gabriel Martins
4047,Helena Oliveira
4048,Daniela Santos
4049,Daniela Oliveira
4050,Peter Fernandes
4051,Gabriel Rodrigues
4052,Helena Araujo
4053,Beatriz Rocha
4054,Jessica Silva
4055,Gabriel Martins
4056,Julia Nascimento
4057,Peter Castro
4058,Peter Nascimento
4059,Mary Nascimento
4060,Carlos Carvalho
4061,Daniela Rodrigues
4062,Igor Oliveira
4063,Sarah Pereira
4064,Ana Santos
4065,Sarah Rodrigues
4066,Julia Costa
4067,Julia Dias
4068,Fernanda Lima
4069,Daniela Martins
4070,Julia Rodrigues
4071,Beatriz Dias
4072,Julia Dias
4073,Gabriel Oliveira
4074,John Nascimento
4075,Fernanda Castro
4076,Julia Fernandes
4077,Igor Silva
4078,Gabriel Rocha
4079,Jane Pereira
4080,Helena Martins
4081,Chris Gomes
4082,Jane Rodrigues
4083,Daniela Santos
4084,Fernanda Dias
4085,John Araujo
4086,Daniela Oliveira
4087,Mary Costa
4088,Peter Moura
4089,Daniela Rodrigues
4090,Emily Pereira
4091,Peter Ribeiro
4092,Daniela Rodrigues
4093,Chris Rodrigues
4094,Jane Rodrigues
4095,David Rodrigues
4096,John Pereira
4097,Fernanda Silva
4098,Eduardo Costa
4099,Igor Nascimento
4100,Fernanda Silva
4101,Sarah Castro
4102,Ana Araujo
4103,Sarah Santos
4104,Jane Pereira
4105,Daniela Rocha
4106,Beatriz Almeida
4107,Emily Nascimento
4108,Julia Martins
4109,Julia Nascimento
4110,Daniela Dias
4111,Michael Lima
4112,Igor Nascimento
4113,Daniela Rodrigues
4114,Peter Dias
4115,Igor Santos
4116,Gabriel Martins
4117,Michael Silva
4118,Carlos Gomes
4119,Sarah Fernandes
4120,Jane Santos
4121,Eduardo Fernandes
4122,Sarah Almeida
4123,Helena Silva
4124,John Rodrigues
4125,Igor Carvalho
4126,Mary Souza
4127,Carlos Costa
4128,John Nascimento
4129,Sarah Oliveira
4130,Igor Dias
4131,Chris Costa
4132,Mary Rocha
4133,Gabriel Rodrigues
4134,Sarah Rocha
4135,Beatriz Fernandes
4136,Eduardo Gomes
4137,Ana Costa
4138,Jane Moura
4139,Igor Moura
4140,Igor Carvalho
4141,Fernanda Silva
4142,Sarah Silva
4143,John Castro
4144,Sarah Rocha
4145,Ana Araujo
4146,Gabriel Lima
4147,Sarah Almeida
4148,Daniela Costa
4149,Chris Santos
4150,Mary Ribeiro
4151,Eduardo Almeida
4152,Fernanda Oliveira
4153,Mary Carvalho
4154,Sarah Fernandes
4155,Ana Lima
4156,Julia Rodrigues
4157,Chris Rocha
4158,David Lima
4159,Gabriel Fernandes
4160,Eduardo Silva
4161,Mary Carvalho
4162,Emily Souza
4163,Igor Pereira
4164,Beatriz Fernandes
4165,Jessica Silva
4166,Sarah Almeida
4167,Julia Almeida
4168,Ana Costa
4169,Julia Ribeiro
4170,Fernanda Pereira
4171,Chris Souza
4172,Beatriz Lima
4173,Julia Ribeiro
4174,Mary Rodrigues
4175,Igor Nascimento
4176,Helena Oliveira
4177,Gabriel Moura
4178,Peter Araujo
4179,Fernanda Dias
4180,Peter Rocha
4181,Eduardo Souza
4182,Chris Martins
4183,Michael Araujo
4184,Mary Almeida
4185,Beatriz Ribeiro
4186,Julia Silva
4187,Sarah Lima
4188,David Santos
4189,David Lima
4190,Michael Silva
4191,Carlos Carvalho
4192,Sarah Almeida
4193,Gabriel Lima
4194,Peter Gomes
4195,David Rocha
4196,Eduardo Araujo
4197,Chris Martins
4198,Sarah Oliveira
4199,Eduardo Pereira
4200,Beatriz Souza
4201,Igor Almeida
4202,David Moura
4203,Sarah Moura
4204,Emily Martins
4205,Emily Ribeiro
4206,Eduardo Carvalho
4207,Mary Araujo
4208,Jane Martins
4209,Jessica Gomes
4210,Gabriel Carvalho
4211,Carlos Moura
4212,Gabriel Rodrigues
4213,Ana Gomes
4214,Beatriz Nascimento
4215,Carlos Rocha
4216,Julia Costa
4217,David Moura
4218,Gabriel Nascimento
4219,Michael Dias
4220,Gabriel Almeida
4221,Michael Lima
4222,Chris Martins
4223,Eduardo Lima
4224,John Lima
4225,Ana Nascimento
4226,Michael Santos
4227,Fernanda Costa
4228,David Almeida
4229,Gabriel Rocha
4230,Gabriel Ribeiro
4231,Emily Castro
4232,Michael Gomes
4233,Daniela Costa
4234,Mary Rodrigues
4235,David Rodrigues
4236,Jessica Fernandes
4237,John Souza
4238,David Gomes
4239,Eduardo Santos
4240,Daniela Gomes
4241,Ana Gomes
4242,Fernanda Almeida
4243,Jessica Castro
4244,Igor Dias
4245,John Nascimento
4246,Sarah Araujo
4247,Emily Santos
4248,Chris Pereira
4249,Jane Ribeiro
4250,Peter Santos
4251,Jessica Rocha
4252,Julia Gomes
4253,Beatriz Almeida
4254,John Fernandes
4255,Helena Carvalho
4256,Fernanda Carvalho
4257,Helena Ribeiro
4258,David Santos
4259,Carlos Nascimento
4260,John Dias
4261,Gabriel Costa
4262,Sarah Rocha
4263,Daniela Moura
4264,David Fernandes
4265,David Fernandes
4266,Michael Lima
4267,Beatriz Araujo
4268,Eduardo Moura
4269,Ana Almeida
4270,Beatriz Costa
4271,Peter Moura
4272,Jessica Carvalho
4273,Beatriz Fernandes
4274,Peter Santos
4275,Carlos Lima
4276,Michael Castro
4277,Michael Santos
4278,Jane Lima
4279,Emily Castro
4280,Daniela Ribeiro
4281,Gabriel Pereira
4282,Mary Carvalho
4283,Jane Nascimento
4284,Fernanda Silva
4285,Helena Santos
4286,Igor Rodrigues
4287,Jane Castro
4288,Julia Castro
4289,Carlos Souza
4290,Daniela Moura
4291,David Pereira
4292,Jessica Carvalho
4293,Gabriel Carvalho
4294,Emily Oliveira
4295,Mary Almeida
4296,Chris Fernandes
4297,Ana Ribeiro
4298,Helena Dias
4299,Jane Silva
4300,Michael Araujo
4301,David Rodrigues
4302,Emily Pereira
4303,Beatriz Dias
4304,Ana Martins
4305,Chris Martins
4306,Igor Nascimento
4307,Carlos Martins
4308,Sarah Gomes
4309,Gabriel Araujo
4310,Fernanda Gomes
4311,Ana Almeida
4312,Helena Fernandes
4313,Michael Castro
4314,Emily Lima
4315,Peter Dias
4316,Eduardo Castro
4317,Peter Moura
4318,Gabriel Pereira
4319,Carlos Moura
4320,Fernanda Moura
4321,David Ribeiro
4322,Beatriz Costa
4323,Michael Pereira
4324,Jane Almeida
4325,Igor Oliveira
4326,Jessica Pereira
4327,Julia Santos
4328,Eduardo Almeida
4329,Peter Almeida
4330,Eduardo Oliveira
4331,Fernanda Lima
4332,Jane Castro
4333,Carlos Silva
4334,Julia Carvalho
4335,Emily Oliveira
4336,David Dias
4337,John Ribeiro
4338,Gabriel Rodrigues
4339,Chris Santos
4340,Beatriz Almeida
4341,Michael Fernandes
4342,Eduardo Gomes
4343,Jessica Fernandes
4344,Michael Nascimento
4345,Jessica Santos
4346,David Silva
4347,Jessica Lima
4348,Gabriel Carvalho
4349,Beatriz Santos
4350,Fernanda Rocha
4351,Beatriz Oliveira
4352,David Pereira
4353,Chris Gomes
4354,Jane Costa
4355,Peter Costa
4356,Jessica Ribeiro
4357,Emily Pereira
4358,Jessica Souza
4359,Chris Costa
4360,Sarah Nascimento
4361,Carlos Rocha
4362,Jessica Souza
4363,John Ribeiro
4364,Gabriel Pereira
4365,Jane Gomes
4366,Gabriel Carvalho
4367,Helena Dias
4368,Ana Moura
4369,Jane Moura
4370,Emily Castro
4371,Chris Fernandes
4372,Mary Gomes
4373,Jane Moura
4374,Daniela Rodrigues
4375,Julia Lima
4376,Eduardo Araujo
4377,Igor Fernandes
4378,Daniela Araujo
4379,Chris Carvalho
4380,David Lima
4381,Jessica Silva
4382,Michael Fernandes
4383,Julia Pereira
4384,John Costa
4385,Daniela Lima
4386,Jessica Santos
4387,Helena Carvalho
4388,Michael Gomes
4389,Carlos Ribeiro
4390,Jessica Martins
4391,Mary Carvalho
4392,Carlos Santos
4393,Igor Martins
4394,Fernanda Araujo
4395,John Pereira
4396,David Nascimento
4397,Jessica Martins
4398,Jane Araujo
4399,Chris Pereira
4400,Julia Dias
4401,Fernanda Moura
4402,Emily Araujo
4403,Carlos Rodrigues
4404,Eduardo Costa
4405,Julia Pereira
4406,Igor Araujo
4407,Emily Martins
4408,Emily Lima
4409,Fernanda Almeida
4410,Gabriel Costa
4411,Igor Araujo
4412,Helena Santos
4413,Daniela Moura
4414,Mary Carvalho
4415,David Costa
4416,Beatriz Moura
4417,Eduardo Dias
4418,Helena Araujo
4419,David Almeida
4420,Gabriel Martins
4421,Carlos Almeida
4422,Jessica Dias
4423,Gabriel Nascimento
4424,Gabriel Pereira
4425,Chris Oliveira
4426,Fernanda Nascimento
4427,Jane Araujo
4428,Jessica Silva
4429,Helena Fernandes
4430,Chris Fernandes
4431,Jane Nascimento
4432,John Pereira
4433,Fernanda Dias
4434,Helena Castro
4435,Eduardo Moura
4436,Jane Costa
4437,Carlos Moura
4438,Chris Silva
4439,Mary Silva
4440,Ana Lima
4441,Fernanda Costa
4442,Chris Pereira
4443,Igor Santos
4444,Michael Moura
4445,David Martins
4446,Jane Rocha
4447,Carlos Moura
4448,Sarah Gomes
4449,John Ribeiro
4450,Carlos Rodrigues
4451,Mary Nascimento
4452,David Araujo
4453,Mary Gomes
4454,Gabriel Pereira
4455,John Carvalho
4456,David Almeida
4457,Daniela Santos
4458,Ana Gomes
4459,Emily Moura
4460,Jessica Oliveira
4461,Jessica Dias
4462,Helena Fernandes
4463,Michael Fernandes
4464,Eduardo Pereira
4465,Michael Dias
4466,Jane Santos
4467,Chris Fernandes
4468,Gabriel Gomes
4469,David Oliveira
4470,Helena Souza
4471,Peter Gomes
4472,Ana Costa
4473,Emily Almeida
4474,Emily Ribeiro
4475,Julia Martins
4476,Igor Costa
4477,Chris Gomes
4478,Igor Fernandes
4479,Ana Fernandes
4480,Fernanda Nascimento
4481,Gabriel Rodrigues
4482,Ana Nascimento
4483,Igor Ribeiro
4484,Sarah Dias
4485,Daniela Souza
4486,Igor Lima
4487,Daniela Carvalho
4488,Eduardo Rodrigues
4489,Emily Rodrigues
4490,Eduardo Rocha
4491,Peter Silva
4492,Emily Araujo
4493,Fernanda Castro
4494,Ana Dias
4495,Chris Moura
4496,Helena Almeida
4497,Mary Souza
4498,Jane Araujo
4499,Eduardo Santos
4500,Julia Souza
4501,Jessica Carvalho
4502,Mary Nascimento
4503,Chris Santos
4504,Eduardo Fernandes
4505,Chris Lima
4506,Ana Almeida
4507,Daniela Lima
4508,Ana Oliveira
4509,Daniela Moura
4510,John Gomes
4511,Igor Souza
4512,Daniela Ribeiro
4513,Eduardo Costa
4514,Igor Oliveira
4515,Fernanda Rocha
4516,Julia Souza
4517,Beatriz Almeida
4518,Peter Dias
4519,Igor Martins
4520,Chris Costa
4521,John Castro
4522,Peter Costa
4523,Eduardo Castro
4524,Michael Gomes
4525,Gabriel Pereira
4526,Jane Rocha
4527,David Souza
4528,Jane Pereira
4529,Beatriz Ribeiro
4530,Helena Silva
4531,Gabriel Silva
4532,Chris Araujo
4533,Eduardo Oliveira
4534,Igor Dias
4535,Carlos Rodrigues
4536,Daniela Fernandes
4537,Daniela Costa
4538,Gabriel Santos
4539,Igor Gomes
4540,Daniela Oliveira
4541,Eduardo Fernandes
4542,Fernanda Rodrigues
4543,Carlos Moura
4544,Sarah Castro
4545,Mary Dias
4546,Eduardo Araujo
4547,John Dias
4548,Peter Pereira
4549,Julia Gomes
4550,Michael Santos
4551,Fernanda Ribeiro
4552,Ana Moura
4553,Gabriel Carvalho
4554,Helena Fernandes
4555,Sarah Moura
4556,Daniela Lima
4557,Gabriel Dias
4558,David Carvalho
4559,David Rodrigues
4560,John Costa
4561,Eduardo Nascimento
4562,Sarah Costa
4563,Helena Silva
4564,Fernanda Araujo
4565,Michael Dias
4566,Carlos Pereira
4567,Michael Moura
4568,Emily Martins
4569,Michael Moura
4570,Eduardo Oliveira
4571,Igor Oliveira
4572,Igor Gomes
4573,Fernanda Gomes
4574,Jane Moura
4575,Julia Fernandes
4576,Eduardo Pereira
4577,Julia Martins
4578,Daniela Rodrigues
4579,Emily Santos
4580,David Castro
4581,Sarah Dias
4582,Beatriz Ribeiro
4583,Emily Araujo
4584,David Costa
4585,Chris Martins
4586,Fernanda Oliveira
4587,Emily Fernandes
4588,Igor Nascimento
4589,Eduardo Carvalho
4590,Ana Nascimento
4591,Beatriz Rocha
4592,Daniela Oliveira
4593,Mary Carvalho
4594,Jane Costa
4595,Sarah Martins
4596,Chris Castro
4597,Igor Oliveira
4598,Mary Ribeiro
4599,Sarah Souza
4600,Sarah Dias
4601,Fernanda Gomes
4602,David Gomes
4603,Gabriel Ribeiro
4604,Eduardo Ribeiro
4605,Peter Fernandes
4606,Fernanda Fernandes
4607,Gabriel Araujo
4608,Fernanda Carvalho
4609,Beatriz Martins
4610,Gabriel Fernandes
4611,Beatriz Araujo
4612,Gabriel Oliveira
4613,Jessica Pereira
4614,John Pereira
4615,Mary Gomes
4616,Mary Pereira
4617,Eduardo Santos
4618,Eduardo Moura
4619,Peter Pereira
4620,Fernanda Lima
4621,Emily Souza
4622,Eduardo Santos
4623,Beatriz Gomes
4624,Sarah Rodrigues
4625,Beatriz Rodrigues
4626,Michael Martins
4627,Carlos Dias
4628,Daniela Pereira
4629,Ana Nascimento
4630,David Souza
4631,Beatriz Silva
4632,John Santos
4633,Jane Almeida
4634,Jessica Silva
4635,Daniela Santos
4636,Eduardo Ribeiro
4637,Daniela Nascimento
4638,Beatriz Silva
4639,Chris Carvalho
4640,Emily Almeida
4641,Helena Rodrigues
4642,Helena Oliveira
4643,Daniela Santos
4644,David Oliveira
4645,Sarah Araujo
4646,Gabriel Pereira
4647,Michael Dias
4648,Carlos Souza
4649,Eduardo Rodrigues
4650,Chris Gomes
4651,Gabriel Oliveira
4652,Chris Carvalho
4653,Carlos Almeida
4654,Gabriel Martins
4655,Julia Rodrigues
4656,Igor Nascimento
4657,Julia Martins
4658,Eduardo Castro
4659,Chris Oliveira
4660,Helena Costa
4661,Daniela Castro
4662,John Ribeiro
4663,Eduardo Costa
4664,Sarah Rodrigues
4665,Mary Martins
4666,Helena Souza
4667,Carlos Almeida
4668,Jessica Pereira
4669,Igor Carvalho
4670,David Fernandes
4671,Michael Rocha
4672,Fernanda Rocha
4673,Sarah Rodrigues
4674,Jessica Martins
4675,Helena Santos
4676,Carlos Araujo
4677,Mary Souza
4678,Daniela Santos
4679,Jessica Santos
4680,Julia Nascimento
4681,Julia Carvalho
4682,Gabriel Silva
4683,Daniela Gomes
4684,David Santos
4685,Beatriz Gomes
4686,John Martins
4687,Peter Gomes
4688,Michael Nascimento
4689,Daniela Silva
4690,Emily Souza
4691,Helena Moura
4692,Sarah Gomes
4693,Jessica Lima
4694,Eduardo Souza
4695,Carlos Pereira
4696,Eduardo Martins
4697,Chris Oliveira
4698,Jane Dias
4699,Fernanda Oliveira
4700,Daniela Souza
4701,Emily Fernandes
4702,Gabriel Lima
4703,Fernanda Oliveira
4704,Beatriz Lima
4705,Gabriel Fernandes
4706,Gabriel Castro
4707,Jane Silva
4708,Jessica Nascimento
4709,Julia Santos
4710,Mary Araujo
4711,John Carvalho
4712,Michael Dias
4713,John Souza
4714,John Santos
4715,Ana Moura
4716,David Rodrigues
4717,Jessica Santos
4718,Daniela Rodrigues
4719,Chris Almeida
4720,Peter Rodrigues
4721,Jane Araujo
4722,Peter Ribeiro
4723,Ana Pereira
4724,Eduardo Pereira
4725,Jane Moura
4726,Helena Castro
4727,Peter Santos
4728,Chris Pereira
4729,Ana Santos
4730,David Fernandes
4731,Jessica Oliveira
4732,Michael Castro
4733,Jessica Costa
4734,Gabriel Costa
4735,Jane Rocha
4736,Julia Fernandes
4737,John Martins
4738,Julia Nascimento
4739,Igor Oliveira
4740,Emily Martins
4741,Mary Nascimento
4742,Carlos Costa
4743,Ana Gomes
4744,Daniela Nascimento
4745,John Santos
4746,Gabriel Santos
4747,Eduardo Rodrigues
4748,Jessica Moura
4749,Chris Souza
4750,Carlos Ribeiro
4751,Emily Fernandes
4752,Helena Rodrigues
4753,Emily Fernandes
4754,Gabriel Martins
4755,Daniela Dias
4756,Jessica Castro
4757,Daniela Araujo
4758,Eduardo Santos
4759,Carlos Fernandes
4760,Igor Souza
4761,Julia Rocha
4762,Julia Araujo
4763,Chris Carvalho
4764,Chris Araujo
4765,Carlos Nascimento
4766,Jane Castro
4767,Peter Almeida
4768,Beatriz Rocha
4769,Jessica Santos
4770,Carlos Lima
4771,Ana Castro
4772,Gabriel Carvalho
4773,Daniela Santos
4774,Jane Rodrigues
4775,Igor Pereira
4776,Igor Ribeiro
4777,Ana Ribeiro
4778,Julia Carvalho
4779,Helena Rocha
4780,Beatriz Araujo
4781,Jane Moura
4782,Chris Rodrigues
4783,Carlos Araujo
4784,Sarah Rocha
4785,Jane Ribeiro
4786,Jane Araujo
4787,Mary Carvalho
4788,Michael Santos
4789,Chris Rodrigues
4790,Eduardo Almeida
4791,Peter Ribeiro
4792,Igor Santos
4793,Helena Silva
4794,Sarah Gomes
4795,Michael Dias
4796,Chris Costa
4797,John Carvalho
4798,Daniela Rocha
4799,Jane Rocha
4800,Daniela Oliveira
4801,Eduardo Nascimento
4802,Carlos Souza
4803,Sarah Souza
4804,John Rocha
4805,Jane Almeida
4806,Sarah Castro
4807,Sarah Oliveira
4808,Michael Santos
4809,Gabriel Martins
4810,Igor Martins
4811,Michael Castro
4812,David Pereira
4813,Fernanda Moura
4814,Jessica Castro
4815,Emily Lima
4816,Ana Almeida
4817,Beatriz Silva
4818,Helena Oliveira
4819,Michael Fernandes
4820,Eduardo Rocha
4821,Michael Costa
4822,Sarah Costa
4823,David Moura
4824,Michael Moura
4825,Jane Rodrigues
4826,Fernanda Castro
4827,Daniela Santos
4828,Fernanda Carvalho
4829,Fernanda Dias
4830,Helena Moura
4831,Jane Ribeiro
4832,Emily Pereira
4833,Jane Pereira
4834,Jessica Moura
4835,Eduardo Moura
4836,Michael Ribeiro
4837,Beatriz Rodrigues
4838,Fernanda Rocha
4839,Fernanda Castro
4840,Peter Martins
4841,Eduardo Martins
4842,Emily Santos
4843,Daniela Carvalho
4844,Eduardo Costa
4845,Gabriel Santos
4846,Helena Pereira
4847,Carlos Carvalho
4848,John Carvalho
4849,Daniela Martins
4850,Gabriel Araujo
4851,Peter Almeida
4852,Chris Silva
4853,Igor Carvalho
4854,Eduardo Santos
4855,Carlos Martins
4856,Julia Araujo
4857,Chris Dias
4858,Michael Gomes
4859,Emily Nascimento
4860,Michael Araujo
4861,Fernanda Pereira
4862,Eduardo Pereira
4863,Ana Oliveira
4864,Beatriz Pereira
4865,Beatriz Fernandes
4866,Sarah Carvalho
4867,Julia Santos
4868,Michael Martins
4869,Jessica Nascimento
4870,David Carvalho
4871,Helena Nascimento
4872,Carlos Ribeiro
4873,Daniela Martins
4874,Jessica Ribeiro
4875,Emily Pereira
4876,Helena Costa
4877,Igor Fernandes
4878,Emily Almeida
4879,Beatriz Silva
4880,Ana Rocha
4881,John Costa
4882,Peter Castro
4883,Gabriel Araujo
4884,David Moura
4885,Igor Araujo
4886,Julia Lima
4887,Helena Santos
4888,Jessica Rodrigues
4889,Ana Moura
4890,Beatriz Pereira
4891,Gabriel Araujo
4892,Michael Santos
4893,Chris Dias
4894,Ana Dias
4895,Igor Souza
4896,Igor Martins
4897,Chris Martins
4898,Emily Rocha
4899,John Ribeiro
4900,Peter Martins
4901,Jessica Rocha
4902,Emily Costa
4903,Sarah Nascimento
4904,Jane Silva
4905,Michael Almeida
4906,Gabriel Moura
4907,Beatriz Rocha
4908,Carlos Ribeiro
4909,Michael Silva
4910,Michael Moura
4911,Ana Rodrigues
4912,Gabriel Rocha
4913,Jessica Souza
4914,Mary Oliveira
4915,Igor Almeida
4916,Peter Rocha
4917,Mary Ribeiro
4918,Fernanda Dias
4919,Igor Ribeiro
4920,Fernanda Gomes
4921,Ana Santos
4922,Igor Almeida
4923,Emily Moura
4924,John Souza
4925,Helena Moura
4926,Carlos Gomes
4927,Peter Dias
4928,Fernanda Carvalho
4929,Helena Fernandes
4930,Helena Lima
4931,Carlos Araujo
4932,Fernanda Pereira
4933,Eduardo Dias
4934,Mary Moura
4935,Jessica Castro
4936,Emily Almeida
4937,Jessica Almeida
4938,Helena Santos
4939,Peter Martins
4940,Igor Oliveira
4941,Igor Fernandes
4942,Jessica Lima
4943,Emily Rocha
4944,Sarah Fernandes
4945,Ana Rodrigues
4946,Mary Costa
4947,Daniela Martins
4948,Eduardo Araujo
4949,Jessica Carvalho
4950,Igor Lima
4951,Sarah Lima
4952,Fernanda Nascimento
4953,Igor Fernandes
4954,Eduardo Souza
4955,Carlos Martins
4956,Eduardo Castro
4957,Mary Rodrigues
4958,Jessica Rodrigues
4959,Gabriel Rodrigues
4960,Ana Souza
4961,Sarah Araujo
4962,Eduardo Carvalho
4963,Daniela Moura
4964,Gabriel Pereira
4965,John Ribeiro
4966,Michael Pereira
4967,Jessica Silva
4968,Carlos Dias
4969,Helena Lima
4970,John Lima
4971,Sarah Ribeiro
4972,Fernanda Rocha
4973,Peter Araujo
4974,Jessica Santos
4975,Jane Oliveira
4976,Sarah Santos
4977,Michael Araujo
4978,Julia Ribeiro
4979,Sarah Oliveira
4980,Gabriel Nascimento
4981,David Silva
4982,John Rocha
4983,Julia Silva
4984,Michael Rocha
4985,Emily Almeida
4986,Peter Moura
4987,Emily Silva
4988,Eduardo Nascimento
4989,Eduardo Silva
4990,Emily Pereira
4991,Michael Nascimento
4992,Emily Moura
4993,Sarah Araujo
4994,Daniela Castro
4995,Chris Rodrigues
4996,Michael Rocha
4997,Ana Souza
4998,Daniela Dias
4999,Sarah Souza
5000,Mary Almeida